metric_category,metric,value
join,joined rows,330987
join,mapped rows,281458
join,unmapped rows,49529
normalization,mapped tokens in families with <=10 tokens,588
normalization,tokens after frequency threshold,280870
normalization,normalized tokens,211915
baseline,anchor cells in Pres PastSg PastPl,960
baseline,one-token anchor cells,162
baseline,anchored lemma-variety paradigms,382
coding,coded past tokens,56498
model,document-lemma-slot-outcome observations,9290
model,document-lemma-slot cells,9174
model,vowel token outcomes represented,45390
model,vowel modeling lemmas,126
model,vowel modeling documents,335
sound change,protected past target-anchor exclusions,603
sound change,protected present target-anchor exclusions,19
sound change,unprotected counterfactual exclusions,2753
