lemma_id,variety,std_infl,support_tokens,vowel_mode_support,vowel_mode_tied,coda_mode_support,coda_mode_tied
10,Central German,PastPl,19,19,False,19,False
10,Central German,PastSg,8,8,False,8,False
10,Central German,Pres,35,27,False,35,False
10,Upper German,PastPl,24,24,False,24,False
10,Upper German,PastSg,38,38,False,37,False
10,Upper German,Pres,132,108,False,132,False
100,Central German,PastPl,3,3,False,3,False
100,Central German,PastSg,7,7,False,7,False
100,Central German,Pres,7,5,False,7,False
100,Upper German,PastPl,13,8,False,13,False
100,Upper German,PastSg,25,25,False,25,False
100,Upper German,Pres,50,26,False,50,False
101,Central German,PastPl,9,9,False,9,False
101,Central German,PastSg,9,9,False,9,False
101,Central German,Pres,13,11,False,13,False
101,Upper German,PastPl,21,21,False,21,False
101,Upper German,PastSg,20,20,False,20,False
101,Upper German,Pres,73,62,False,73,False
102,Central German,PastSg,2,2,False,2,False
102,Central German,Pres,3,3,False,3,False
102,Upper German,PastPl,6,6,False,6,False
102,Upper German,PastSg,12,10,False,11,False
102,Upper German,Pres,12,11,False,12,False
103,Central German,PastPl,9,8,False,8,False
103,Central German,PastSg,15,15,False,15,False
103,Central German,Pres,10,10,False,10,False
103,Upper German,PastPl,29,29,False,29,False
103,Upper German,PastSg,26,26,False,26,False
103,Upper German,Pres,62,49,False,62,False
105,Central German,Pres,2,1,True,2,False
107,Central German,PastPl,4,4,False,4,False
107,Central German,PastSg,4,4,False,4,False
107,Central German,Pres,5,5,False,5,False
107,Upper German,PastPl,4,4,False,4,False
107,Upper German,PastSg,21,20,False,20,False
107,Upper German,Pres,19,12,False,19,False
11,Central German,PastPl,23,16,False,23,False
11,Central German,PastSg,45,45,False,45,False
11,Central German,Pres,49,40,False,48,False
11,Upper German,PastPl,59,30,False,59,False
11,Upper German,PastSg,143,143,False,143,False
11,Upper German,Pres,235,187,False,200,False
112,Central German,PastSg,1,1,False,1,False
112,Central German,Pres,2,1,True,1,True
112,Upper German,PastSg,2,2,False,2,False
112,Upper German,Pres,3,3,False,3,False
115,Central German,PastPl,1,1,False,1,False
115,Central German,Pres,1,1,False,1,False
115,Upper German,PastPl,1,1,False,1,False
115,Upper German,PastSg,5,5,False,5,False
115,Upper German,Pres,9,9,False,9,False
117,Central German,PastPl,3,3,False,3,False
117,Central German,PastSg,3,3,False,3,False
117,Central German,Pres,2,2,False,2,False
117,Upper German,PastPl,13,13,False,13,False
117,Upper German,PastSg,9,9,False,9,False
117,Upper German,Pres,18,9,True,18,False
118,Central German,PastPl,5,5,False,3,False
118,Central German,PastSg,25,25,False,25,False
118,Central German,Pres,34,32,False,34,False
118,Upper German,PastPl,16,16,False,13,False
118,Upper German,PastSg,93,93,False,93,False
118,Upper German,Pres,93,83,False,93,False
119,Central German,PastPl,8,8,False,8,False
119,Central German,PastSg,57,56,False,55,False
119,Central German,Pres,31,21,False,20,False
119,Upper German,PastPl,71,71,False,71,False
119,Upper German,PastSg,268,268,False,264,False
119,Upper German,Pres,151,82,False,84,False
12,Central German,PastPl,4,4,False,4,False
12,Central German,PastSg,13,13,False,13,False
12,Central German,Pres,18,17,False,17,False
12,Upper German,PastPl,21,21,False,21,False
12,Upper German,PastSg,46,46,False,46,False
12,Upper German,Pres,56,56,False,56,False
121,Central German,PastPl,43,43,False,43,False
121,Central German,PastSg,90,90,False,90,False
121,Central German,Pres,64,64,False,64,False
121,Upper German,PastPl,83,83,False,83,False
121,Upper German,PastSg,231,231,False,231,False
121,Upper German,Pres,284,284,False,284,False
123,Central German,PastPl,7,7,False,7,False
123,Central German,PastSg,17,17,False,17,False
123,Central German,Pres,7,4,False,7,False
123,Upper German,PastPl,76,76,False,76,False
123,Upper German,PastSg,53,53,False,53,False
123,Upper German,Pres,65,42,False,65,False
124,Central German,PastPl,2,2,False,2,False
124,Central German,PastSg,4,4,False,4,False
124,Central German,Pres,4,2,True,4,False
124,Upper German,PastPl,6,6,False,6,False
124,Upper German,PastSg,17,17,False,17,False
124,Upper German,Pres,5,5,False,5,False
128,Central German,PastPl,6,4,False,5,False
128,Central German,PastSg,4,3,False,3,False
128,Central German,Pres,7,7,False,7,False
128,Upper German,PastPl,23,15,False,16,False
128,Upper German,PastSg,27,19,False,17,False
128,Upper German,Pres,20,18,False,18,False
13,Central German,PastPl,3,3,False,3,False
13,Central German,PastSg,6,5,False,5,False
13,Central German,Pres,3,3,False,3,False
13,Upper German,PastPl,10,10,False,10,False
13,Upper German,PastSg,42,42,False,42,False
13,Upper German,Pres,16,15,False,14,False
130,Central German,PastPl,1,1,False,1,False
130,Central German,PastSg,1,1,False,1,False
130,Central German,Pres,1,1,False,1,False
130,Upper German,PastPl,2,2,False,2,False
130,Upper German,PastSg,1,1,False,1,False
130,Upper German,Pres,2,2,False,2,False
133,Central German,PastPl,8,8,False,8,False
133,Central German,PastSg,6,6,False,6,False
133,Central German,Pres,11,11,False,11,False
133,Upper German,PastPl,19,19,False,19,False
133,Upper German,PastSg,16,16,False,10,False
133,Upper German,Pres,20,20,False,20,False
139,Central German,Pres,1,1,False,1,False
139,Upper German,PastPl,1,1,False,1,False
139,Upper German,PastSg,1,1,False,1,False
140,Central German,PastPl,1,1,False,1,False
140,Central German,PastSg,5,5,False,5,False
140,Central German,Pres,1,1,False,1,False
140,Upper German,PastPl,1,1,False,1,False
140,Upper German,PastSg,1,1,False,1,False
144,Central German,PastPl,1,1,False,1,False
144,Central German,PastSg,2,1,True,1,True
144,Central German,Pres,2,2,False,2,False
144,Upper German,PastPl,1,1,False,1,False
144,Upper German,PastSg,14,14,False,14,False
144,Upper German,Pres,30,30,False,30,False
145,Central German,PastPl,3,3,False,3,False
145,Central German,PastSg,22,22,False,22,False
145,Central German,Pres,20,14,False,20,False
145,Upper German,PastPl,4,4,False,3,False
145,Upper German,PastSg,40,40,False,40,False
145,Upper German,Pres,42,31,False,42,False
147,Upper German,PastPl,1,1,False,1,False
147,Upper German,Pres,3,2,False,3,False
148,Central German,PastSg,2,2,False,2,False
148,Central German,Pres,5,5,False,5,False
148,Upper German,PastPl,6,6,False,6,False
148,Upper German,PastSg,6,6,False,6,False
148,Upper German,Pres,30,30,False,30,False
15,Central German,PastPl,4,4,False,4,False
15,Central German,Pres,10,10,False,10,False
15,Upper German,PastPl,28,28,False,28,False
15,Upper German,PastSg,25,25,False,25,False
15,Upper German,Pres,76,76,False,76,False
156,Central German,PastPl,24,24,False,24,False
156,Central German,PastSg,20,20,False,20,False
156,Central German,Pres,26,21,False,24,False
156,Upper German,PastPl,36,36,False,36,False
156,Upper German,PastSg,77,77,False,77,False
156,Upper German,Pres,92,71,False,82,False
158,Central German,PastPl,1,1,False,1,False
158,Central German,PastSg,1,1,False,1,False
158,Central German,Pres,2,1,True,2,False
158,Upper German,PastPl,2,1,True,2,False
158,Upper German,PastSg,2,1,True,2,False
158,Upper German,Pres,1,1,False,1,False
16,Central German,PastPl,9,8,False,8,False
16,Central German,PastSg,17,17,False,17,False
16,Central German,Pres,7,5,False,7,False
16,Upper German,PastPl,36,36,False,36,False
16,Upper German,PastSg,63,63,False,63,False
16,Upper German,Pres,44,31,False,44,False
161,Upper German,Pres,3,3,False,3,False
163,Central German,PastPl,25,25,False,25,False
163,Central German,PastSg,44,44,False,44,False
163,Central German,Pres,22,22,False,22,False
163,Upper German,PastPl,97,94,False,96,False
163,Upper German,PastSg,201,198,False,198,False
163,Upper German,Pres,99,99,False,99,False
166,Central German,PastSg,1,1,False,1,False
166,Upper German,PastSg,1,1,False,1,False
166,Upper German,Pres,2,1,True,2,False
167,Central German,PastPl,1,1,False,1,False
167,Central German,PastSg,3,3,False,3,False
167,Central German,Pres,1,1,False,1,False
167,Upper German,PastPl,6,6,False,6,False
167,Upper German,PastSg,20,20,False,20,False
167,Upper German,Pres,49,49,False,49,False
168,Central German,PastPl,10,10,False,10,False
168,Central German,PastSg,4,4,False,4,False
168,Central German,Pres,24,16,False,24,False
168,Upper German,PastPl,42,42,False,42,False
168,Upper German,PastSg,49,49,False,49,False
168,Upper German,Pres,90,68,False,89,False
17,Central German,PastPl,11,11,False,11,False
17,Central German,PastSg,15,15,False,11,False
17,Central German,Pres,10,8,False,10,False
17,Upper German,PastPl,31,30,False,31,False
17,Upper German,PastSg,64,64,False,64,False
17,Upper German,Pres,51,31,False,51,False
170,Central German,PastPl,1,1,False,1,False
170,Central German,PastSg,1,1,False,1,False
170,Upper German,Pres,3,3,False,3,False
171,Upper German,Pres,1,1,False,1,False
172,Central German,PastPl,12,12,False,12,False
172,Central German,PastSg,16,16,False,16,False
172,Central German,Pres,22,21,False,21,False
172,Upper German,PastPl,37,37,False,37,False
172,Upper German,PastSg,100,99,False,99,False
172,Upper German,Pres,144,142,False,142,False
173,Central German,PastSg,1,1,False,1,False
173,Central German,Pres,2,2,False,2,False
173,Upper German,PastPl,1,1,False,1,False
173,Upper German,PastSg,8,8,False,8,False
173,Upper German,Pres,19,18,False,19,False
175,Upper German,PastPl,3,3,False,3,False
175,Upper German,PastSg,11,11,False,11,False
175,Upper German,Pres,5,3,False,3,False
18,Central German,PastPl,8,8,False,8,False
18,Central German,PastSg,82,82,False,82,False
18,Central German,Pres,17,10,False,17,False
18,Upper German,PastPl,35,35,False,35,False
18,Upper German,PastSg,229,229,False,229,False
18,Upper German,Pres,147,75,False,147,False
180,Central German,PastPl,3,2,False,3,False
180,Central German,PastSg,3,3,False,3,False
180,Central German,Pres,7,7,False,4,False
180,Upper German,PastPl,1,1,False,1,False
180,Upper German,PastSg,24,23,False,24,False
180,Upper German,Pres,10,8,False,8,False
181,Central German,PastPl,1,1,False,1,False
181,Central German,PastSg,7,7,False,7,False
181,Upper German,PastPl,1,1,False,1,False
181,Upper German,PastSg,12,12,False,12,False
181,Upper German,Pres,1,1,False,1,False
182,Upper German,PastPl,2,2,False,2,False
182,Upper German,PastSg,8,8,False,8,False
183,Central German,PastSg,1,1,False,1,False
183,Central German,Pres,3,3,False,3,False
183,Upper German,PastPl,2,2,False,2,False
183,Upper German,PastSg,8,7,False,7,False
183,Upper German,Pres,25,25,False,25,False
184,Central German,Pres,5,5,False,5,False
184,Upper German,PastPl,3,3,False,3,False
184,Upper German,PastSg,3,3,False,3,False
184,Upper German,Pres,3,3,False,3,False
185,Central German,PastSg,1,1,False,1,False
185,Central German,Pres,2,2,False,2,False
185,Upper German,PastPl,1,1,False,1,False
185,Upper German,PastSg,5,5,False,5,False
185,Upper German,Pres,5,5,False,5,False
186,Central German,PastSg,1,1,False,1,False
186,Central German,Pres,2,2,False,2,False
186,Upper German,PastSg,9,9,False,9,False
186,Upper German,Pres,1,1,False,1,False
19,Central German,PastPl,38,38,False,38,False
19,Central German,PastSg,68,68,False,68,False
19,Central German,Pres,62,50,False,49,False
19,Upper German,PastPl,132,132,False,132,False
19,Upper German,PastSg,211,210,False,101,False
19,Upper German,Pres,159,159,False,159,False
192,Central German,Pres,2,1,True,2,False
192,Upper German,PastSg,1,1,False,1,False
192,Upper German,Pres,20,19,False,20,False
193,Central German,PastPl,10,10,False,10,False
193,Central German,PastSg,1,1,False,1,False
193,Central German,Pres,8,8,False,8,False
193,Upper German,PastPl,51,51,False,51,False
193,Upper German,PastSg,32,31,False,31,False
193,Upper German,Pres,50,47,False,47,False
194,Central German,PastPl,3,3,False,3,False
194,Central German,PastSg,1,1,False,1,False
194,Central German,Pres,1,1,False,1,False
194,Upper German,PastPl,3,3,False,3,False
194,Upper German,PastSg,4,4,False,4,False
198,Central German,PastPl,2,2,False,2,False
198,Central German,Pres,1,1,False,1,False
198,Upper German,PastPl,4,4,False,4,False
198,Upper German,PastSg,5,5,False,5,False
198,Upper German,Pres,2,2,False,2,False
199,Central German,PastPl,2,2,False,2,False
199,Central German,PastSg,5,5,False,5,False
199,Central German,Pres,2,2,False,2,False
199,Upper German,PastPl,4,4,False,4,False
199,Upper German,PastSg,7,7,False,7,False
199,Upper German,Pres,16,16,False,16,False
2,Central German,PastPl,7,7,False,7,False
2,Central German,PastSg,24,24,False,24,False
2,Central German,Pres,39,25,False,39,False
2,Upper German,PastPl,47,47,False,47,False
2,Upper German,PastSg,44,44,False,44,False
2,Upper German,Pres,165,128,False,165,False
20,Central German,PastPl,20,13,False,20,False
20,Central German,PastSg,16,16,False,16,False
20,Central German,Pres,28,26,False,28,False
20,Upper German,PastPl,58,46,False,58,False
20,Upper German,PastSg,59,59,False,59,False
20,Upper German,Pres,90,80,False,90,False
200,Central German,PastPl,1,1,False,1,False
200,Central German,PastSg,2,2,False,2,False
200,Central German,Pres,1,1,False,1,False
200,Upper German,PastPl,5,5,False,5,False
200,Upper German,PastSg,6,6,False,6,False
200,Upper German,Pres,5,4,False,5,False
201,Upper German,PastPl,1,1,False,1,False
201,Upper German,PastSg,1,1,False,1,False
201,Upper German,Pres,18,18,False,18,False
204,Central German,PastPl,1,1,False,1,False
204,Central German,PastSg,4,4,False,4,False
204,Central German,Pres,1,1,False,1,False
204,Upper German,PastPl,11,11,False,11,False
204,Upper German,PastSg,12,11,False,11,False
204,Upper German,Pres,9,9,False,9,False
21,Central German,PastPl,28,28,False,28,False
21,Central German,PastSg,83,83,False,83,False
21,Central German,Pres,93,71,False,92,False
21,Upper German,PastPl,140,140,False,140,False
21,Upper German,PastSg,213,213,False,212,False
21,Upper German,Pres,377,224,False,315,False
211,Upper German,PastSg,3,3,False,3,False
211,Upper German,Pres,1,1,False,1,False
214,Central German,PastPl,4,4,False,4,False
214,Central German,PastSg,6,6,False,6,False
214,Central German,Pres,8,7,False,8,False
214,Upper German,PastPl,8,8,False,8,False
214,Upper German,PastSg,27,27,False,27,False
214,Upper German,Pres,46,40,False,46,False
215,Central German,PastPl,11,11,False,11,False
215,Central German,PastSg,12,12,False,12,False
215,Central German,Pres,16,14,False,16,False
215,Upper German,PastPl,34,34,False,34,False
215,Upper German,PastSg,30,30,False,30,False
215,Upper German,Pres,65,49,False,65,False
217,Upper German,Pres,1,1,False,1,False
218,Central German,PastPl,1,1,False,1,False
218,Central German,PastSg,1,1,False,1,False
218,Central German,Pres,5,5,False,5,False
218,Upper German,PastPl,3,3,False,3,False
218,Upper German,PastSg,3,3,False,3,False
218,Upper German,Pres,11,11,False,11,False
22,Central German,PastPl,61,61,False,42,False
22,Central German,PastSg,149,149,False,146,False
22,Central German,Pres,86,36,False,44,False
22,Upper German,PastPl,282,281,False,276,False
22,Upper German,PastSg,444,444,False,444,False
22,Upper German,Pres,343,230,False,330,False
220,Central German,PastSg,1,1,False,1,False
220,Central German,Pres,1,1,False,1,False
220,Upper German,PastPl,3,2,False,3,False
220,Upper German,PastSg,3,3,False,3,False
220,Upper German,Pres,13,11,False,13,False
221,Central German,PastPl,2,1,True,2,False
221,Central German,PastSg,1,1,False,1,False
221,Upper German,PastPl,3,2,False,3,False
221,Upper German,PastSg,10,8,False,8,False
221,Upper German,Pres,1,1,False,1,False
223,Central German,PastPl,2,2,False,2,False
223,Central German,PastSg,3,3,False,3,False
223,Central German,Pres,3,3,False,3,False
223,Upper German,PastPl,4,4,False,4,False
223,Upper German,PastSg,5,5,False,5,False
223,Upper German,Pres,22,22,False,22,False
228,Upper German,PastSg,3,3,False,3,False
228,Upper German,Pres,1,1,False,1,False
23,Central German,PastPl,7,7,False,7,False
23,Central German,PastSg,9,9,False,9,False
23,Central German,Pres,6,6,False,6,False
23,Upper German,PastPl,41,41,False,41,False
23,Upper German,PastSg,57,56,False,57,False
23,Upper German,Pres,43,43,False,43,False
231,Central German,PastPl,4,4,False,4,False
231,Central German,PastSg,9,9,False,9,False
231,Central German,Pres,8,8,False,8,False
231,Upper German,PastPl,20,20,False,20,False
231,Upper German,PastSg,26,26,False,26,False
231,Upper German,Pres,32,31,False,32,False
232,Central German,PastSg,9,9,False,9,False
232,Central German,Pres,5,3,False,5,False
232,Upper German,PastSg,8,8,False,8,False
232,Upper German,Pres,7,5,False,7,False
234,Central German,PastPl,2,2,False,2,False
234,Central German,Pres,2,1,True,1,True
234,Upper German,PastPl,1,1,False,1,False
234,Upper German,PastSg,8,8,False,8,False
234,Upper German,Pres,4,4,False,3,False
237,Central German,PastPl,23,23,False,23,False
237,Central German,PastSg,199,199,False,199,False
237,Central German,Pres,45,45,False,45,False
237,Upper German,PastPl,133,132,False,133,False
237,Upper German,PastSg,814,812,False,814,False
237,Upper German,Pres,427,427,False,427,False
238,Central German,PastPl,9,9,False,9,False
238,Central German,PastSg,5,5,False,5,False
238,Central German,Pres,17,13,False,15,False
238,Upper German,PastPl,45,45,False,45,False
238,Upper German,PastSg,25,25,False,25,False
238,Upper German,Pres,109,77,False,108,False
239,Central German,Pres,3,3,False,3,False
239,Upper German,PastPl,1,1,False,1,False
239,Upper German,PastSg,1,1,False,1,False
239,Upper German,Pres,2,2,False,2,False
24,Central German,PastPl,5,5,False,5,False
24,Central German,PastSg,16,16,False,16,False
24,Central German,Pres,34,30,False,34,False
24,Upper German,PastPl,53,53,False,53,False
24,Upper German,PastSg,65,65,False,65,False
24,Upper German,Pres,104,95,False,104,False
240,Central German,PastPl,11,11,False,11,False
240,Central German,PastSg,28,28,False,28,False
240,Central German,Pres,33,33,False,33,False
240,Upper German,PastPl,38,38,False,38,False
240,Upper German,PastSg,52,52,False,52,False
240,Upper German,Pres,97,97,False,97,False
241,Central German,PastSg,3,2,False,3,False
241,Central German,Pres,1,1,False,1,False
241,Upper German,PastSg,3,3,False,3,False
241,Upper German,Pres,1,1,False,1,False
244,Central German,PastPl,3,3,False,3,False
244,Central German,PastSg,1,1,False,1,False
244,Central German,Pres,3,3,False,3,False
244,Upper German,PastPl,4,4,False,4,False
244,Upper German,PastSg,1,1,False,1,False
244,Upper German,Pres,11,11,False,11,False
245,Central German,PastPl,1,1,False,1,False
245,Central German,PastSg,6,6,False,4,False
245,Central German,Pres,16,15,False,16,False
245,Upper German,PastPl,3,2,False,3,False
245,Upper German,PastSg,7,7,False,4,False
245,Upper German,Pres,69,69,False,69,False
249,Central German,PastPl,1,1,False,1,False
249,Central German,Pres,1,1,False,1,False
249,Upper German,PastPl,1,1,False,1,False
249,Upper German,Pres,7,7,False,7,False
25,Central German,PastPl,28,28,False,28,False
25,Central German,PastSg,79,79,False,79,False
25,Central German,Pres,20,19,False,17,False
25,Upper German,PastPl,101,101,False,101,False
25,Upper German,PastSg,283,283,False,283,False
25,Upper German,Pres,224,222,False,143,False
250,Central German,PastPl,4,4,False,4,False
250,Central German,PastSg,2,2,False,2,False
250,Upper German,PastPl,1,1,False,1,False
250,Upper German,PastSg,8,8,False,8,False
250,Upper German,Pres,4,4,False,4,False
251,Upper German,Pres,3,3,False,3,False
252,Central German,PastSg,1,1,False,1,False
252,Central German,Pres,1,1,False,1,False
252,Upper German,PastPl,3,3,False,3,False
252,Upper German,PastSg,21,21,False,21,False
252,Upper German,Pres,6,5,False,6,False
253,Central German,PastPl,9,9,False,9,False
253,Central German,PastSg,11,11,False,11,False
253,Central German,Pres,5,4,False,5,False
253,Upper German,PastPl,22,14,False,22,False
253,Upper German,PastSg,58,58,False,58,False
253,Upper German,Pres,16,9,False,16,False
254,Upper German,PastPl,4,4,False,4,False
254,Upper German,Pres,5,5,False,5,False
256,Central German,PastPl,3,3,False,3,False
256,Central German,PastSg,6,6,False,6,False
256,Central German,Pres,6,4,False,6,False
256,Upper German,PastPl,9,9,False,9,False
256,Upper German,PastSg,21,21,False,21,False
256,Upper German,Pres,11,8,False,11,False
257,Central German,PastSg,1,1,False,1,False
257,Central German,Pres,1,1,False,1,False
257,Upper German,PastSg,8,8,False,8,False
257,Upper German,Pres,6,6,False,6,False
258,Upper German,PastSg,1,1,False,1,False
258,Upper German,Pres,1,1,False,1,False
26,Central German,PastPl,2,2,False,2,False
26,Central German,PastSg,19,19,False,19,False
26,Central German,Pres,15,14,False,14,False
26,Upper German,PastPl,9,9,False,9,False
26,Upper German,PastSg,22,21,False,21,False
26,Upper German,Pres,40,38,False,38,False
260,Central German,PastPl,1,1,False,1,False
260,Central German,PastSg,2,2,False,2,False
260,Central German,Pres,5,5,False,5,False
260,Upper German,PastPl,1,1,False,1,False
260,Upper German,PastSg,2,2,False,2,False
260,Upper German,Pres,5,3,False,5,False
261,Central German,PastSg,1,1,False,1,False
261,Central German,Pres,2,2,False,2,False
261,Upper German,PastSg,3,2,False,3,False
261,Upper German,Pres,14,14,False,13,False
263,Central German,PastPl,2,2,False,2,False
263,Central German,PastSg,7,7,False,7,False
263,Central German,Pres,3,3,False,3,False
263,Upper German,PastPl,11,11,False,11,False
263,Upper German,PastSg,24,24,False,24,False
263,Upper German,Pres,21,14,False,21,False
264,Central German,PastSg,2,2,False,2,False
264,Central German,Pres,6,6,False,6,False
264,Upper German,PastPl,7,7,False,7,False
264,Upper German,PastSg,6,6,False,6,False
264,Upper German,Pres,40,40,False,40,False
266,Central German,PastSg,2,2,False,2,False
266,Central German,Pres,1,1,False,1,False
266,Upper German,PastPl,1,1,False,1,False
266,Upper German,PastSg,7,7,False,7,False
266,Upper German,Pres,4,4,False,4,False
267,Central German,PastSg,1,1,False,1,False
267,Upper German,PastPl,5,5,False,5,False
267,Upper German,PastSg,2,2,False,2,False
267,Upper German,Pres,9,9,False,9,False
268,Central German,PastSg,1,1,False,1,False
268,Upper German,PastSg,2,2,False,2,False
268,Upper German,Pres,4,4,False,4,False
27,Central German,PastPl,41,41,False,41,False
27,Central German,PastSg,324,322,False,322,False
27,Central German,Pres,52,30,False,52,False
27,Upper German,PastPl,283,283,False,283,False
27,Upper German,PastSg,2066,2056,False,2057,False
27,Upper German,Pres,306,158,False,306,False
270,Upper German,PastPl,1,1,False,1,False
270,Upper German,PastSg,1,1,False,1,False
270,Upper German,Pres,1,1,False,1,False
271,Central German,PastPl,4,4,False,4,False
271,Central German,PastSg,19,19,False,19,False
271,Central German,Pres,15,8,False,15,False
271,Upper German,PastPl,6,6,False,6,False
271,Upper German,PastSg,37,37,False,37,False
271,Upper German,Pres,25,18,False,25,False
272,Central German,PastSg,23,23,False,13,False
272,Central German,Pres,11,6,False,11,False
272,Upper German,PastPl,11,10,False,10,False
272,Upper German,PastSg,47,47,False,45,False
272,Upper German,Pres,31,18,False,31,False
273,Central German,Pres,3,2,False,3,False
273,Upper German,PastSg,2,2,False,2,False
273,Upper German,Pres,8,5,False,8,False
274,Central German,PastPl,5,5,False,5,False
274,Central German,PastSg,13,12,False,13,False
274,Central German,Pres,10,9,False,10,False
274,Upper German,PastPl,24,24,False,24,False
274,Upper German,PastSg,62,53,False,62,False
274,Upper German,Pres,67,58,False,67,False
275,Central German,Pres,1,1,False,1,False
275,Upper German,PastPl,1,1,False,1,False
275,Upper German,PastSg,3,2,False,3,False
275,Upper German,Pres,11,7,False,11,False
276,Central German,PastPl,26,26,False,26,False
276,Central German,PastSg,77,77,False,77,False
276,Central German,Pres,27,27,False,27,False
276,Upper German,PastPl,73,73,False,73,False
276,Upper German,PastSg,171,171,False,171,False
276,Upper German,Pres,141,140,False,140,False
278,Central German,PastSg,1,1,False,1,False
278,Upper German,Pres,1,1,False,1,False
280,Upper German,Pres,9,9,False,9,False
281,Upper German,PastPl,2,2,False,2,False
281,Upper German,PastSg,2,2,False,2,False
282,Central German,Pres,2,1,True,1,True
282,Upper German,PastPl,5,5,False,5,False
282,Upper German,Pres,1,1,False,1,False
294,Central German,PastSg,2,2,False,2,False
294,Upper German,PastSg,8,8,False,8,False
294,Upper German,Pres,1,1,False,1,False
295,Central German,PastPl,13,13,False,13,False
295,Central German,PastSg,6,6,False,6,False
295,Central German,Pres,9,8,False,9,False
295,Upper German,PastPl,38,38,False,38,False
295,Upper German,PastSg,18,18,False,18,False
295,Upper German,Pres,31,20,False,31,False
296,Central German,PastPl,3,3,False,3,False
296,Central German,PastSg,3,3,False,3,False
296,Central German,Pres,7,7,False,7,False
296,Upper German,PastPl,8,8,False,8,False
296,Upper German,PastSg,11,10,False,11,False
296,Upper German,Pres,40,40,False,40,False
297,Central German,PastPl,3,3,False,3,False
297,Central German,PastSg,4,4,False,4,False
297,Central German,Pres,1,1,False,1,False
297,Upper German,PastPl,1,1,False,1,False
297,Upper German,PastSg,13,12,False,13,False
297,Upper German,Pres,26,24,False,24,False
299,Central German,PastSg,1,1,False,1,False
299,Central German,Pres,10,10,False,10,False
299,Upper German,PastPl,2,2,False,2,False
299,Upper German,PastSg,2,2,False,2,False
299,Upper German,Pres,59,57,False,59,False
3,Central German,PastPl,149,148,False,148,False
3,Central German,PastSg,258,251,False,251,False
3,Central German,Pres,109,64,False,109,False
3,Upper German,PastPl,504,248,False,504,False
3,Upper German,PastSg,821,433,False,812,False
3,Upper German,Pres,614,309,False,599,False
30,Central German,PastPl,20,18,False,18,False
30,Central German,PastSg,26,23,False,23,False
30,Central German,Pres,19,14,False,12,False
30,Upper German,PastPl,52,45,False,45,False
30,Upper German,PastSg,77,67,False,67,False
30,Upper German,Pres,41,32,False,33,False
302,Central German,PastPl,1,1,False,1,False
302,Central German,Pres,2,1,True,2,False
302,Upper German,PastSg,7,7,False,7,False
302,Upper German,Pres,4,4,False,4,False
305,Upper German,PastSg,1,1,False,1,False
305,Upper German,Pres,1,1,False,1,False
307,Central German,PastSg,8,8,False,8,False
307,Central German,Pres,2,2,False,2,False
307,Upper German,PastPl,11,11,False,11,False
307,Upper German,PastSg,30,30,False,30,False
307,Upper German,Pres,13,12,False,13,False
308,Central German,PastPl,1,1,False,1,False
308,Central German,PastSg,2,2,False,2,False
308,Central German,Pres,1,1,False,1,False
308,Upper German,PastSg,12,12,False,12,False
308,Upper German,Pres,3,1,True,2,False
31,Central German,PastPl,6,6,False,6,False
31,Central German,PastSg,8,8,False,8,False
31,Upper German,PastPl,37,37,False,36,False
31,Upper German,PastSg,26,26,False,26,False
31,Upper German,Pres,8,6,False,6,False
310,Central German,PastPl,2,2,False,2,False
310,Central German,PastSg,1,1,False,1,False
310,Central German,Pres,4,4,False,4,False
310,Upper German,PastPl,4,4,False,4,False
310,Upper German,Pres,5,5,False,5,False
314,Central German,PastPl,2,2,False,2,False
314,Central German,PastSg,7,7,False,7,False
314,Central German,Pres,25,25,False,25,False
314,Upper German,PastPl,1,1,False,1,False
314,Upper German,PastSg,26,22,False,26,False
314,Upper German,Pres,109,66,False,101,False
317,Upper German,Pres,18,11,False,18,False
318,Central German,PastSg,1,1,False,1,False
318,Central German,Pres,3,2,False,3,False
318,Upper German,PastPl,2,1,True,2,False
318,Upper German,PastSg,2,2,False,2,False
318,Upper German,Pres,8,7,False,6,False
32,Central German,PastPl,11,11,False,11,False
32,Central German,PastSg,23,23,False,23,False
32,Central German,Pres,27,16,False,27,False
32,Upper German,PastPl,105,104,False,104,False
32,Upper German,PastSg,186,186,False,186,False
32,Upper German,Pres,145,109,False,145,False
320,Central German,PastPl,1,1,False,1,False
320,Upper German,PastPl,1,1,False,1,False
321,Central German,PastSg,4,4,False,4,False
321,Central German,Pres,7,6,False,7,False
321,Upper German,PastPl,8,8,False,8,False
321,Upper German,PastSg,6,6,False,6,False
321,Upper German,Pres,20,19,False,20,False
322,Central German,PastPl,1,1,False,1,False
322,Central German,PastSg,2,2,False,2,False
322,Central German,Pres,13,13,False,13,False
322,Upper German,PastPl,2,2,False,2,False
322,Upper German,PastSg,6,6,False,6,False
322,Upper German,Pres,12,12,False,12,False
323,Central German,PastPl,2,2,False,2,False
323,Central German,Pres,6,5,False,5,False
323,Upper German,PastSg,8,8,False,8,False
323,Upper German,Pres,58,41,False,58,False
324,Central German,PastPl,1,1,False,1,False
324,Central German,PastSg,1,1,False,1,False
324,Upper German,Pres,6,6,False,6,False
326,Central German,PastPl,3,3,False,3,False
326,Central German,PastSg,1,1,False,1,False
326,Central German,Pres,2,2,False,2,False
326,Upper German,PastPl,7,7,False,7,False
326,Upper German,PastSg,12,11,False,12,False
326,Upper German,Pres,5,5,False,5,False
327,Upper German,PastSg,2,2,False,2,False
327,Upper German,Pres,5,4,False,5,False
329,Central German,PastPl,5,5,False,5,False
329,Central German,PastSg,7,7,False,7,False
329,Central German,Pres,11,11,False,11,False
329,Upper German,PastPl,8,8,False,8,False
329,Upper German,PastSg,30,30,False,30,False
329,Upper German,Pres,41,33,False,41,False
33,Central German,PastPl,6,5,False,5,False
33,Central German,PastSg,16,16,False,16,False
33,Central German,Pres,8,4,False,7,False
33,Upper German,PastPl,27,26,False,26,False
33,Upper German,PastSg,136,136,False,136,False
33,Upper German,Pres,12,10,False,12,False
331,Central German,Pres,1,1,False,1,False
338,Central German,Pres,2,2,False,2,False
338,Upper German,PastPl,1,1,False,1,False
338,Upper German,Pres,4,2,True,4,False
34,Upper German,Pres,1,1,False,1,False
340,Central German,PastPl,2,2,False,2,False
340,Central German,PastSg,2,2,False,2,False
340,Central German,Pres,5,5,False,5,False
340,Upper German,PastPl,2,2,False,2,False
340,Upper German,PastSg,1,1,False,1,False
340,Upper German,Pres,7,7,False,7,False
342,Central German,Pres,2,2,False,2,False
342,Upper German,Pres,1,1,False,1,False
344,Upper German,Pres,1,1,False,1,False
347,Upper German,Pres,3,2,False,3,False
352,Central German,PastPl,4,4,False,4,False
352,Central German,PastSg,9,9,False,9,False
352,Central German,Pres,10,9,False,10,False
352,Upper German,PastPl,7,7,False,7,False
352,Upper German,PastSg,18,18,False,18,False
352,Upper German,Pres,61,59,False,61,False
353,Central German,PastSg,1,1,False,1,False
353,Central German,Pres,2,2,False,2,False
353,Upper German,PastPl,1,1,False,1,False
353,Upper German,PastSg,1,1,False,1,False
353,Upper German,Pres,9,9,False,9,False
354,Central German,PastPl,3,3,False,3,False
354,Central German,PastSg,3,3,False,3,False
354,Upper German,PastPl,5,5,False,5,False
354,Upper German,PastSg,30,29,False,28,False
354,Upper German,Pres,8,8,False,8,False
356,Central German,PastPl,2,2,False,2,False
356,Central German,Pres,1,1,False,1,False
356,Upper German,PastPl,1,1,False,1,False
356,Upper German,PastSg,3,3,False,3,False
356,Upper German,Pres,2,2,False,2,False
357,Upper German,PastPl,3,3,False,3,False
357,Upper German,PastSg,1,1,False,1,False
357,Upper German,Pres,5,4,False,5,False
358,Central German,PastSg,1,1,False,1,False
358,Central German,Pres,1,1,False,1,False
358,Upper German,PastPl,2,2,False,2,False
358,Upper German,PastSg,10,10,False,10,False
358,Upper German,Pres,2,2,False,2,False
361,Central German,Pres,3,3,False,3,False
361,Upper German,PastPl,3,3,False,3,False
361,Upper German,PastSg,4,4,False,4,False
361,Upper German,Pres,15,15,False,15,False
367,Upper German,Pres,1,1,False,1,False
371,Central German,PastSg,1,1,False,1,False
371,Upper German,PastSg,1,1,False,1,False
371,Upper German,Pres,10,10,False,10,False
375,Central German,PastPl,1,1,False,1,False
375,Central German,Pres,1,1,False,1,False
375,Upper German,PastPl,4,4,False,4,False
375,Upper German,PastSg,5,5,False,5,False
379,Upper German,PastSg,3,3,False,3,False
379,Upper German,Pres,2,2,False,2,False
383,Upper German,PastSg,2,2,False,2,False
383,Upper German,Pres,1,1,False,1,False
39,Central German,PastPl,26,26,False,26,False
39,Central German,PastSg,47,47,False,47,False
39,Central German,Pres,22,22,False,22,False
39,Upper German,PastPl,116,116,False,116,False
39,Upper German,PastSg,232,231,False,232,False
39,Upper German,Pres,118,118,False,118,False
4,Central German,PastPl,50,50,False,50,False
4,Central German,PastSg,67,67,False,65,False
4,Central German,Pres,93,93,False,81,False
4,Upper German,PastPl,152,152,False,152,False
4,Upper German,PastSg,209,209,False,158,False
4,Upper German,Pres,378,377,False,246,False
41,Upper German,PastSg,1,1,False,1,False
410,Upper German,Pres,1,1,False,1,False
42,Central German,PastPl,3,3,False,3,False
42,Central German,PastSg,2,2,False,2,False
42,Central German,Pres,4,3,False,4,False
42,Upper German,PastPl,17,11,False,17,False
42,Upper German,PastSg,7,7,False,7,False
42,Upper German,Pres,42,40,False,42,False
422,Central German,Pres,1,1,False,1,False
422,Upper German,Pres,1,1,False,1,False
435,Central German,PastSg,1,1,False,1,False
435,Central German,Pres,1,1,False,1,False
435,Upper German,PastSg,3,3,False,3,False
435,Upper German,Pres,5,4,False,5,False
436,Central German,PastSg,1,1,False,1,False
436,Upper German,Pres,2,2,False,2,False
445,Central German,Pres,1,1,False,1,False
446,Central German,PastPl,2,2,False,2,False
446,Upper German,Pres,3,3,False,3,False
447,Upper German,PastPl,1,1,False,1,False
447,Upper German,PastSg,2,1,True,2,False
447,Upper German,Pres,1,1,False,1,False
450,Upper German,Pres,6,6,False,6,False
47,Central German,PastPl,1,1,False,1,False
47,Upper German,Pres,4,4,False,4,False
48,Central German,PastPl,1,1,False,1,False
48,Central German,Pres,5,4,False,5,False
48,Upper German,PastPl,1,1,False,1,False
48,Upper German,PastSg,5,5,False,5,False
48,Upper German,Pres,24,17,False,24,False
49,Central German,PastPl,91,90,False,90,False
49,Central German,PastSg,159,159,False,159,False
49,Central German,Pres,49,37,False,49,False
49,Upper German,PastPl,277,276,False,276,False
49,Upper German,PastSg,501,500,False,500,False
49,Upper German,Pres,286,218,False,286,False
5,Central German,PastPl,3,3,False,3,False
5,Central German,PastSg,7,7,False,7,False
5,Central German,Pres,5,5,False,5,False
5,Upper German,PastPl,25,25,False,25,False
5,Upper German,PastSg,42,42,False,42,False
5,Upper German,Pres,51,51,False,51,False
50,Central German,PastPl,11,11,False,11,False
50,Central German,PastSg,16,16,False,16,False
50,Central German,Pres,20,20,False,20,False
50,Upper German,PastPl,83,83,False,83,False
50,Upper German,PastSg,88,88,False,88,False
50,Upper German,Pres,91,91,False,91,False
51,Central German,PastPl,1,1,False,1,False
51,Central German,PastSg,1,1,False,1,False
51,Central German,Pres,2,1,True,2,False
51,Upper German,PastPl,5,5,False,5,False
51,Upper German,PastSg,3,3,False,3,False
51,Upper German,Pres,5,4,False,5,False
52,Central German,PastSg,3,3,False,3,False
52,Central German,Pres,3,3,False,2,False
52,Upper German,PastPl,4,4,False,4,False
52,Upper German,PastSg,35,34,False,34,False
52,Upper German,Pres,22,12,False,22,False
53,Central German,PastPl,5,5,False,5,False
53,Central German,PastSg,10,10,False,10,False
53,Central German,Pres,4,3,False,4,False
53,Upper German,PastPl,63,63,False,63,False
53,Upper German,PastSg,90,90,False,90,False
53,Upper German,Pres,40,35,False,40,False
54,Upper German,PastPl,1,1,False,1,False
54,Upper German,Pres,1,1,False,1,False
55,Central German,PastPl,2,2,False,2,False
55,Central German,PastSg,2,2,False,2,False
55,Central German,Pres,4,4,False,4,False
55,Upper German,PastPl,8,8,False,8,False
55,Upper German,PastSg,13,13,False,13,False
55,Upper German,Pres,49,49,False,49,False
57,Central German,PastPl,7,6,False,7,False
57,Central German,PastSg,7,7,False,7,False
57,Central German,Pres,4,4,False,4,False
57,Upper German,PastPl,37,31,False,37,False
57,Upper German,PastSg,37,37,False,37,False
57,Upper German,Pres,39,39,False,38,False
58,Central German,PastSg,3,3,False,3,False
58,Central German,Pres,19,19,False,19,False
58,Upper German,PastPl,5,5,False,5,False
58,Upper German,PastSg,12,12,False,12,False
58,Upper German,Pres,17,17,False,17,False
59,Central German,PastPl,27,27,False,27,False
59,Central German,PastSg,53,51,False,51,False
59,Central German,Pres,23,23,False,23,False
59,Upper German,PastPl,82,82,False,82,False
59,Upper German,PastSg,230,230,False,230,False
59,Upper German,Pres,87,87,False,87,False
62,Central German,PastPl,2,2,False,2,False
62,Central German,PastSg,2,2,False,2,False
62,Central German,Pres,8,8,False,8,False
62,Upper German,PastPl,14,14,False,14,False
62,Upper German,PastSg,24,24,False,24,False
62,Upper German,Pres,29,29,False,29,False
64,Central German,PastSg,2,2,False,2,False
64,Central German,Pres,5,4,False,5,False
64,Upper German,PastPl,2,2,False,2,False
64,Upper German,PastSg,15,15,False,15,False
64,Upper German,Pres,21,11,False,21,False
65,Central German,PastPl,1,1,False,1,False
65,Central German,PastSg,1,1,False,1,False
65,Central German,Pres,7,6,False,7,False
65,Upper German,PastPl,2,2,False,2,False
65,Upper German,PastSg,7,7,False,7,False
65,Upper German,Pres,22,14,False,22,False
67,Central German,PastPl,4,4,False,4,False
67,Central German,PastSg,18,18,False,18,False
67,Central German,Pres,17,17,False,17,False
67,Upper German,PastPl,18,18,False,18,False
67,Upper German,PastSg,48,48,False,47,False
67,Upper German,Pres,50,50,False,50,False
68,Central German,Pres,4,4,False,4,False
7,Central German,PastPl,36,27,False,36,False
7,Central German,PastSg,47,47,False,47,False
7,Central German,Pres,54,42,False,39,False
7,Upper German,PastPl,144,101,False,135,False
7,Upper German,PastSg,341,339,False,339,False
7,Upper German,Pres,137,112,False,117,False
70,Central German,PastSg,3,3,False,3,False
70,Central German,Pres,1,1,False,1,False
70,Upper German,PastPl,19,19,False,19,False
70,Upper German,PastSg,7,7,False,7,False
70,Upper German,Pres,15,15,False,15,False
72,Central German,Pres,1,1,False,1,False
72,Upper German,PastSg,1,1,False,1,False
72,Upper German,Pres,3,3,False,3,False
74,Central German,PastPl,1,1,False,1,False
74,Central German,PastSg,3,3,False,3,False
74,Central German,Pres,9,9,False,9,False
74,Upper German,PastPl,8,8,False,8,False
74,Upper German,PastSg,27,27,False,27,False
74,Upper German,Pres,73,73,False,73,False
8,Central German,PastPl,1,1,False,1,False
8,Central German,PastSg,1,1,False,1,False
8,Central German,Pres,2,1,True,1,True
8,Upper German,PastPl,15,15,False,15,False
8,Upper German,PastSg,26,26,False,26,False
8,Upper German,Pres,30,30,False,30,False
84,Central German,PastPl,8,8,False,8,False
84,Central German,PastSg,5,5,False,4,False
84,Central German,Pres,16,14,False,16,False
84,Upper German,PastPl,45,45,False,45,False
84,Upper German,PastSg,36,36,False,36,False
84,Upper German,Pres,65,46,False,65,False
85,Central German,PastPl,4,4,False,4,False
85,Central German,PastSg,5,5,False,5,False
85,Central German,Pres,12,8,False,12,False
85,Upper German,PastPl,19,19,False,19,False
85,Upper German,PastSg,20,20,False,20,False
85,Upper German,Pres,61,41,False,61,False
86,Central German,PastPl,1,1,False,1,False
86,Central German,Pres,1,1,False,1,False
86,Upper German,Pres,7,7,False,7,False
87,Central German,PastSg,1,1,False,1,False
87,Central German,Pres,1,1,False,1,False
87,Upper German,PastPl,14,14,False,14,False
87,Upper German,PastSg,17,17,False,17,False
87,Upper German,Pres,45,45,False,45,False
89,Central German,PastPl,10,10,False,10,False
89,Central German,PastSg,16,16,False,16,False
89,Central German,Pres,3,3,False,3,False
89,Upper German,PastPl,24,24,False,24,False
89,Upper German,PastSg,86,86,False,86,False
89,Upper German,Pres,34,34,False,34,False
90,Central German,PastPl,53,39,False,52,False
90,Central German,PastSg,49,49,False,49,False
90,Central German,Pres,79,63,False,77,False
90,Upper German,PastPl,129,87,False,128,False
90,Upper German,PastSg,157,154,False,154,False
90,Upper German,Pres,318,233,False,304,False
91,Central German,PastPl,32,27,False,32,False
91,Central German,PastSg,47,47,False,47,False
91,Central German,Pres,16,16,False,16,False
91,Upper German,PastPl,138,121,False,138,False
91,Upper German,PastSg,218,218,False,217,False
91,Upper German,Pres,50,50,False,49,False
93,Central German,PastPl,4,4,False,4,False
93,Central German,PastSg,4,4,False,4,False
93,Upper German,PastPl,18,18,False,18,False
93,Upper German,PastSg,8,8,False,8,False
93,Upper German,Pres,2,2,False,2,False
94,Central German,PastPl,18,18,False,18,False
94,Central German,PastSg,20,20,False,20,False
94,Central German,Pres,31,31,False,31,False
94,Upper German,PastPl,16,16,False,14,False
94,Upper German,PastSg,36,36,False,36,False
94,Upper German,Pres,50,50,False,50,False
95,Central German,Pres,2,1,True,2,False
95,Upper German,PastPl,3,3,False,3,False
95,Upper German,PastSg,7,7,False,7,False
95,Upper German,Pres,8,5,False,8,False
96,Central German,PastPl,5,5,False,5,False
96,Central German,PastSg,29,29,False,29,False
96,Central German,Pres,26,26,False,26,False
96,Upper German,PastPl,16,16,False,16,False
96,Upper German,PastSg,122,121,False,121,False
96,Upper German,Pres,64,64,False,64,False
97,Central German,PastSg,2,2,False,2,False
97,Central German,Pres,1,1,False,1,False
97,Upper German,PastSg,24,24,False,24,False
98,Central German,PastPl,4,4,False,4,False
98,Central German,PastSg,9,9,False,9,False
98,Central German,Pres,5,5,False,5,False
98,Upper German,PastPl,20,20,False,20,False
98,Upper German,PastSg,26,26,False,26,False
98,Upper German,Pres,55,55,False,55,False
99,Upper German,Pres,2,2,False,2,False
