lemma_id,lemma,category,mechanism,alternation,observations,leveled,rate_pct,share_of_cons_events
17,ziehen,Verner (past sg ~ past pl),Verner (past sg ~ past pl),"g ~ h / g ~ χ, χ ~ g",857,102,11.9,65.8
215,verlieren,Verner (past sg ~ past pl),Verner (past sg ~ past pl),"r ~ s / s ~ r, r ~ s",109,20,18.35,12.9
144,lîhen,"Verner (medial, pres ~ past)","Verner (medial, pres ~ past)",w ~ h,15,13,86.67,8.4
94,lîden,"Verner (medial, pres ~ past)","Verner (medial, pres ~ past)",t ~ d,256,12,4.69,7.7
118,genesen,Verner (past sg ~ past pl),Verner (past sg ~ past pl),"r ~ s / s ~ r, r ~ s",20,5,25.0,3.2
8,snîden,"Verner (medial, pres ~ past)","Verner (medial, pres ~ past)",t ~ d,66,2,3.03,1.3
218,zîhen,Verner (past sg ~ past pl),Verner (past sg ~ past pl),"g ~ h / g ~ h, g ~ χ, h ~ g, χ ~ g",17,1,5.88,0.6
329,kièsen,Verner (past sg ~ past pl),Verner (past sg ~ past pl),"r ~ s / s ~ r, r ~ s",99,0,0.0,0.0
148,mîden,"Verner (medial, pres ~ past)","Verner (medial, pres ~ past)",t ~ d,27,0,0.0,0.0
