stage,corpus,observations,source_tokens,observation_unit,documents,surface_lemmas,lemma_families
extracted,ENHG,166800,166800,token row,190,1754,0
extracted,MHG,164187,164187,token row,405,2945,0
combined,ENHG,166800,166800,token row,190,1754,227
combined,MHG,164187,164187,token row,405,2945,367
mapped,ENHG,117281,117281,token row,189,490,227
mapped,MHG,164177,164177,token row,405,2939,367
normalized,ENHG,116065,116065,token row,188,459,198
normalized,MHG,95850,95850,token row,161,2221,227
coding_eligible,ENHG,72053,72053,token row,188,445,197
coding_eligible,MHG,78992,78992,token row,161,1968,216
coded,ENHG,20196,20196,token row,182,309,143
coded,MHG,36302,36302,token row,156,1349,197
vowel_model,ENHG,3166,15414,document-lemma-slot-outcome presence,179,83,83
vowel_model,MHG,6124,29976,document-lemma-slot-outcome presence,156,126,126
