predictor,level,n,mean,sd,min,median,max
date,numeric summary,9290,1306.8945102260495,146.41770054042365,1033.0,1275.0,1655.0
log_freq,numeric summary,9290,-1.587256432094593,1.660700397689428,-7.77089969139063,-1.43797034699128,1.49772611590755
log_token_freq,numeric summary,9290,-3.947223826416233,1.5683359401510533,-7.66014799048956,-4.11769569999224,-0.196882892485216
log_alt_pres_freq,numeric summary,9290,2.788206101516447,1.0139778192324242,0.0,3.29583686600433,3.73766961828337
log_alt_past_freq,numeric summary,9290,1.0639764502581401,1.50011241391262,0.0,0.0,3.55534806148941
n_tokens,numeric summary,9290,5.095156081808396,15.58763156935781,1.0,2.0,609.0
leveled_tokens,numeric summary,9290,0.09278794402583423,0.6461306773538075,0.0,0.0,26.0
preserved_tokens,numeric summary,9290,5.002368137782562,15.563848776208872,0.0,2.0,608.0
n_log_freq_values,numeric summary,9290,1.0,0.0,1.0,1.0,1.0
marking_type,vowel_unipartite,8309,,,,,
marking_type,vowel_bipartite,981,,,,,
std_infl,PastSg,5985,,,,,
std_infl,PastPl,3305,,,,,
variety,Upper German,5844,,,,,
variety,Central German,3446,,,,,
corpus,MHG,6124,,,,,
corpus,ENHG,3166,,,,,
has_alt_pres,yes,9215,,,,,
has_alt_pres,no,75,,,,,
has_alt_past,no,5864,,,,,
has_alt_past,yes,3426,,,,,
lemma_std,source-token support per grouping level,126,375.6666666666667,1023.0467985385608,1.0,68.0,10089.0
document_id,source-token support per grouping level,335,141.2955223880597,322.2130053059219,1.0,50.0,3710.0
