"Model","term","Estimate","Est.Error","Q2.5","Q97.5"
"Base (k=4)","Intercept",-1.08033470957075,1.00969254877981,-2.5873515,1.54647804
"Base (k=4)","marking_typevowel_bipartite",0.123224234308149,0.522464036420021,-0.89815159425,1.15472665
"Base (k=4)","log_freq",-0.0430923262893687,0.214468843551248,-0.469287281,0.380661725
"Base (k=4)","has_alt_presno",-1.53858304545996,0.548400100482059,-2.6204981675,-0.4804406465
"Base (k=4)","log_alt_pres_freq",-0.3524770080654,0.137858106756605,-0.63001485475,-0.0880217704500004
"Base (k=4)","has_alt_pastno",-2.32080601743125,0.495439536804291,-3.327017535,-1.3736219425
"Base (k=4)","log_alt_past_freq",-0.276999673503773,0.166296697762248,-0.60254687425,0.05015896915
"Base (k=4)","std_inflPastSg",-1.12735789062375,0.176573406881269,-1.48062755,-0.7844690815
"Base (k=4)","marking_typevowel_bipartite:std_inflPastSg",-0.129845934061799,0.465623405964335,-1.054526695,0.79304577975
"Base (k=4)","sdate_1",0.299512436762655,0.990124024466522,-1.6300326875,2.229002575
"Base (k=4)","sdate:marking_typevowel_unipartite_1",-0.552095688854163,0.963061146386268,-2.4322566625,1.34994804
"Base (k=4)","sdate:marking_typevowel_bipartite_1",0.849349465641878,0.943203647930516,-1.0075833875,2.6609765825
"Base (k=4)","sdate:log_freq_1",0.584063636333882,0.974708240426611,-1.3051176475,2.498396635
"Base (k=4)","sdate:log_freq_2",0.146042777009309,0.646620077095196,-0.94523662625,1.4956034525
"Base (k=4)","sdate:std_inflPastPl_1",0.46760245198393,1.00348720424135,-1.5375390275,2.41632572
"Base (k=4)","sdate:std_inflPastSg_1",-0.17850917718418,1.01201417477442,-2.16711029,1.7990193175
"Base (k=4)","sdate:varietyCentralGerman_1",0.47020159835929,1.00472896791631,-1.50448734,2.43220682
"Base (k=4)","sdate:varietyUpperGerman_1",-0.161306761064874,1.03004530258358,-2.1225672025,1.8815765775
"Base (k=10)","Intercept",-1.19094598872396,0.990146904993749,-2.66307751,1.43333407
"Base (k=10)","marking_typevowel_bipartite",0.0585610821910205,0.557268582021786,-1.022520505,1.1608929075
"Base (k=10)","log_freq",-0.276067027544709,0.350546461245273,-1.023840505,0.37099891175
"Base (k=10)","has_alt_presno",-1.52431117684624,0.553463275217965,-2.608291655,-0.45924359475
"Base (k=10)","log_alt_pres_freq",-0.343660908024436,0.139947768130626,-0.61872585275,-0.066284426175
"Base (k=10)","has_alt_pastno",-2.3131730636625,0.504029359396711,-3.3244732775,-1.3347515525
"Base (k=10)","log_alt_past_freq",-0.277972634689858,0.166614156956398,-0.6011950515,0.0492670475999999
"Base (k=10)","std_inflPastSg",-1.15054478104375,0.178128596367748,-1.50400994,-0.80600519
"Base (k=10)","marking_typevowel_bipartite:std_inflPastSg",-0.153553633852914,0.468587916083762,-1.0949448075,0.752951076
"Base (k=10)","sdate_1",0.0156585091480312,0.993031746814152,-1.93030873,1.965955685
"Base (k=10)","sdate:marking_typevowel_unipartite_1",-0.567381359560479,0.969030552257657,-2.437907855,1.33172746
"Base (k=10)","sdate:marking_typevowel_bipartite_1",0.584909658236979,0.982988079471151,-1.394762255,2.50376594
"Base (k=10)","sdate:log_freq_1",0.67211829878252,0.959198315034548,-1.207200675,2.598157385
"Base (k=10)","sdate:log_freq_2",0.0665854254113733,0.625475606321387,-0.8953383615,1.467560945
"Base (k=10)","sdate:std_inflPastPl_1",0.280972839077705,0.969396424783462,-1.63958266,2.151877555
"Base (k=10)","sdate:std_inflPastSg_1",-0.274914772663002,0.979484198078375,-2.13933917,1.66455979
"Base (k=10)","sdate:varietyCentralGerman_1",0.203335450653071,0.980170021435829,-1.7491282825,2.0777722575
"Base (k=10)","sdate:varietyUpperGerman_1",-0.177403521283506,0.978133356662964,-2.054732705,1.7582708275
"Tensor (k=10)","Intercept",-1.16405642437922,1.3765427009421,-3.6596687925,1.9236059825
"Tensor (k=10)","marking_typevowel_bipartite",0.0696222068649712,0.550577954837316,-1.0041691675,1.1636481575
"Tensor (k=10)","log_freq",-0.0610301111578937,0.584444123501163,-1.2101884125,1.084584525
"Tensor (k=10)","has_alt_presno",-1.52235927874637,0.549431313995553,-2.6261087975,-0.44886170175
"Tensor (k=10)","log_alt_pres_freq",-0.343407766923543,0.140391670830436,-0.61692371025,-0.0684439436000004
"Tensor (k=10)","has_alt_pastno",-2.3227349946075,0.507960242792931,-3.3474561925,-1.37117092
"Tensor (k=10)","log_alt_past_freq",-0.283526029494083,0.167459492036599,-0.60908306125,0.0461332416
"Tensor (k=10)","std_inflPastSg",-1.1596317879875,0.177756130602894,-1.5053688825,-0.81133502275
"Tensor (k=10)","marking_typevowel_bipartite:std_inflPastSg",-0.15367884589902,0.47131816163872,-1.0954370925,0.753975286499999
"Tensor (k=10)","sdate_1",-0.00373257840449539,1.00555525958057,-1.9739633775,1.9505289625
"Tensor (k=10)","sdate:marking_typevowel_unipartite_1",-0.569970985525557,0.99372241975355,-2.462435765,1.38781996
"Tensor (k=10)","sdate:marking_typevowel_bipartite_1",0.572736129648468,0.97409480344313,-1.367055935,2.47804301
"Tensor (k=10)","t2datelog_freq_1",-0.0331929402930385,0.828441980728707,-1.6658521775,1.608246385
"Tensor (k=10)","t2datelog_freq_2",0.0258209278159725,0.720327664130622,-1.39800508,1.4292954875
"Tensor (k=10)","t2datelog_freq_3",0.297578298773387,0.0866961671346252,0.12943946475,0.47207860975
"Tensor (k=10)","sdate:std_inflPastPl_1",0.273306248757358,0.988431273302967,-1.73182171,2.137552795
"Tensor (k=10)","sdate:std_inflPastSg_1",-0.289137275031734,0.966745890158198,-2.17416311,1.622297635
"Tensor (k=10)","sdate:varietyCentralGerman_1",0.192819229526876,0.983783864634213,-1.7518628975,2.128207065
"Tensor (k=10)","sdate:varietyUpperGerman_1",-0.201539085223895,0.99076789276568,-2.0933661225,1.7854745375
"Tensor (k=4)","Intercept",-1.09577449515946,1.30327039933325,-3.3606886775,1.9188992575
"Tensor (k=4)","marking_typevowel_bipartite",0.127594980335238,0.538329404279249,-0.929249827,1.1853171575
"Tensor (k=4)","log_freq",-0.0672314995228788,0.517696451142057,-1.094146965,0.950408779749999
"Tensor (k=4)","has_alt_presno",-1.53395470856769,0.558041761579686,-2.6295728975,-0.44964814575
"Tensor (k=4)","log_alt_pres_freq",-0.351215855807065,0.141029490146931,-0.62483914275,-0.0759241633500001
"Tensor (k=4)","has_alt_pastno",-2.31261956608625,0.50172983905719,-3.3069238475,-1.3529521175
"Tensor (k=4)","log_alt_past_freq",-0.275414244139238,0.165899254587905,-0.603807518,0.0475089142249999
"Tensor (k=4)","std_inflPastSg",-1.143280709625,0.179178200314478,-1.489292825,-0.79412007075
"Tensor (k=4)","marking_typevowel_bipartite:std_inflPastSg",-0.128624452994444,0.455565506777237,-1.0551099525,0.75777949025
"Tensor (k=4)","sdate_1",0.0568706983232783,0.993528146576694,-1.8624435125,1.997037305
"Tensor (k=4)","sdate:marking_typevowel_unipartite_1",-0.782657950985121,0.953045654738606,-2.66072802,1.096617195
"Tensor (k=4)","sdate:marking_typevowel_bipartite_1",0.835353812398355,0.975801077788439,-1.0974492675,2.73959585
"Tensor (k=4)","t2datelog_freq_1",0.0351961772175295,0.85729838648805,-1.6596376225,1.7288848875
"Tensor (k=4)","t2datelog_freq_2",-0.27001960854951,0.532371662826727,-1.17873477,0.891568064749999
"Tensor (k=4)","t2datelog_freq_3",-0.3828020078817,0.121461560760526,-0.61987838125,-0.1353151775
"Tensor (k=4)","sdate:std_inflPastPl_1",0.460335013288447,0.999131910602688,-1.5382825925,2.3472086525
"Tensor (k=4)","sdate:std_inflPastSg_1",-0.411141174464,0.982159424687337,-2.315896335,1.53184334
"Tensor (k=4)","sdate:varietyCentralGerman_1",0.435943999626988,0.992133112575216,-1.51238526,2.368960815
"Tensor (k=4)","sdate:varietyUpperGerman_1",-0.399318853138569,0.970922788758085,-2.303640895,1.5202480975
"Tensor (k=10) Token","Intercept",-2.22663808334975,2.69708133007555,-7.4266978275,3.3162249
"Tensor (k=10) Token","marking_typevowel_bipartite",0.180226812987686,0.554214857246769,-0.9019767165,1.289837985
"Tensor (k=10) Token","log_token_freq",-0.174016723252008,0.621190244572092,-1.3844224475,1.0614515825
"Tensor (k=10) Token","has_alt_presno",-1.36432909074799,0.570204901463955,-2.4942584075,-0.27328268375
"Tensor (k=10) Token","log_alt_pres_freq",-0.363145147552199,0.145924634714331,-0.65135880825,-0.0796397452250001
"Tensor (k=10) Token","has_alt_pastno",-2.06373882608875,0.520731759508786,-3.0880064,-1.0545950175
"Tensor (k=10) Token","log_alt_past_freq",-0.243166344169576,0.173198218313634,-0.57853636475,0.099262306925
"Tensor (k=10) Token","std_inflPastSg",-0.88822170964475,0.224534089695499,-1.33034937,-0.4408061435
"Tensor (k=10) Token","marking_typevowel_bipartite:std_inflPastSg",-0.262507413272325,0.468656347286565,-1.1974616875,0.640764867
"Tensor (k=10) Token","sdate_1",-0.02684570903358,0.981687654136467,-1.9666305375,1.891070735
"Tensor (k=10) Token","sdate:marking_typevowel_unipartite_1",-0.562922550799155,0.982909264120269,-2.4645141275,1.3487288075
"Tensor (k=10) Token","sdate:marking_typevowel_bipartite_1",0.545641126833532,0.973115658582223,-1.3538854175,2.45703043
"Tensor (k=10) Token","t2datelog_token_freq_1",-0.123241376878573,0.80777548581158,-1.7118376275,1.4697317775
"Tensor (k=10) Token","t2datelog_token_freq_2",0.0624880420662125,0.699402957145923,-1.3028645175,1.4705380375
"Tensor (k=10) Token","t2datelog_token_freq_3",0.53005317875125,0.091783141030365,0.3500469915,0.71112581775
"Tensor (k=10) Token","sdate:std_inflPastPl_1",0.0894219120231288,0.928680373038871,-1.7056266175,1.8814882975
"Tensor (k=10) Token","sdate:std_inflPastSg_1",-0.112972218511064,0.945053980615821,-1.965989745,1.7461657175
"Tensor (k=10) Token","sdate:varietyCentralGerman_1",0.201329962419274,0.991407116413543,-1.756440775,2.1378126975
"Tensor (k=10) Token","sdate:varietyUpperGerman_1",-0.208463683505525,1.00011404325333,-2.1490165875,1.7750398725
"Tensor (k=4) Token","Intercept",-2.11998725019298,2.32782142735373,-6.6599976075,2.5731370175
"Tensor (k=4) Token","marking_typevowel_bipartite",0.208020347862697,0.556682454212643,-0.90582930325,1.27917528
"Tensor (k=4) Token","log_token_freq",-0.172469531012803,0.504601198757457,-1.18720862,0.7997831155
"Tensor (k=4) Token","has_alt_presno",-1.39681183176844,0.575880605320952,-2.5268416525,-0.29602836575
"Tensor (k=4) Token","log_alt_pres_freq",-0.376486667887737,0.146174331093337,-0.660722041,-0.0919878914500003
"Tensor (k=4) Token","has_alt_pastno",-2.0504159072735,0.527822231899842,-3.10913656,-1.01744343
"Tensor (k=4) Token","log_alt_past_freq",-0.238510911470455,0.172438718422595,-0.56868290025,0.10200241575
"Tensor (k=4) Token","std_inflPastSg",-0.883835337776625,0.222944072570176,-1.3229085125,-0.45384879925
"Tensor (k=4) Token","marking_typevowel_bipartite:std_inflPastSg",-0.238417782455528,0.476409716410524,-1.1623317025,0.700809619
"Tensor (k=4) Token","sdate_1",0.0261619900504325,0.993230114298545,-1.924858565,1.99596874
"Tensor (k=4) Token","sdate:marking_typevowel_unipartite_1",-0.713584971673674,0.967930988671329,-2.6249368,1.15647035
"Tensor (k=4) Token","sdate:marking_typevowel_bipartite_1",0.738486787471775,0.954966770426607,-1.15374934,2.6126955525
"Tensor (k=4) Token","t2datelog_token_freq_1",-0.114452503446982,0.860711186950402,-1.7614533825,1.582150325
"Tensor (k=4) Token","t2datelog_token_freq_2",-0.20420150943576,0.493745481471783,-1.0259452625,0.86595352725
"Tensor (k=4) Token","t2datelog_token_freq_3",0.82935504718,0.141300120384195,0.553023163,1.10189371
"Tensor (k=4) Token","sdate:std_inflPastPl_1",0.199249428065992,0.911890443463193,-1.6370216925,1.9601778125
"Tensor (k=4) Token","sdate:std_inflPastSg_1",-0.165477305991801,0.908024573723716,-1.9318055025,1.6063862525
"Tensor (k=4) Token","sdate:varietyCentralGerman_1",0.353036155170655,1.01363390974028,-1.6248813575,2.2908258625
"Tensor (k=4) Token","sdate:varietyUpperGerman_1",-0.325747783796399,1.03082134612967,-2.3672102075,1.6737614725
"Base (k=10) Token","Intercept",-2.66824680211952,1.05403523720195,-4.652806005,-0.500342279250002
"Base (k=10) Token","marking_typevowel_bipartite",0.205226342522258,0.570596279705667,-0.9217826055,1.316740305
"Base (k=10) Token","log_token_freq",-0.791734986253912,0.320923269918328,-1.4402072975,-0.18357831675
"Base (k=10) Token","has_alt_presno",-1.3714475549989,0.574589420156952,-2.497576265,-0.259582308250001
"Base (k=10) Token","log_alt_pres_freq",-0.370012048578299,0.146866331450305,-0.66399954975,-0.0863129838250003
"Base (k=10) Token","has_alt_pastno",-2.07512965649713,0.51831868553661,-3.1316536275,-1.0835403025
"Base (k=10) Token","log_alt_past_freq",-0.241042002402792,0.169849572622273,-0.580452995,0.0835629948999996
"Base (k=10) Token","std_inflPastSg",-0.8885373558975,0.225281632987021,-1.33623178,-0.4521191655
"Base (k=10) Token","marking_typevowel_bipartite:std_inflPastSg",-0.289631015875101,0.480016177567912,-1.2388704525,0.63085135075
"Base (k=10) Token","sdate_1",-0.211874590292611,0.966894962974873,-2.075820065,1.6480150275
"Base (k=10) Token","sdate:marking_typevowel_unipartite_1",-0.714689630609759,0.94970028279963,-2.533895,1.16707843
"Base (k=10) Token","sdate:marking_typevowel_bipartite_1",0.512828701215799,1.00112241748134,-1.4452749775,2.46698209
"Base (k=10) Token","sdate:log_token_freq_1",1.00655812747121,0.91077708112852,-0.8194518115,2.7568271925
"Base (k=10) Token","sdate:log_token_freq_2",-0.0569846818195235,0.623503052285294,-1.20988502,1.216327715
"Base (k=10) Token","sdate:std_inflPastPl_1",0.037339311725592,0.93702721472144,-1.8416582575,1.8738031125
"Base (k=10) Token","sdate:std_inflPastSg_1",-0.234792939877984,0.909776922696381,-1.9846166575,1.585829755
"Base (k=10) Token","sdate:varietyCentralGerman_1",0.140073693486801,0.993199631996136,-1.7690095425,2.0779227575
"Base (k=10) Token","sdate:varietyUpperGerman_1",-0.340554831948367,0.99752191592222,-2.297773595,1.617566535
"Base (k=4) Token","Intercept",-2.45311908433847,1.11316940500217,-4.5033272325,-0.0815440111000008
"Base (k=4) Token","marking_typevowel_bipartite",0.211600679358972,0.551802730903306,-0.8631164565,1.294413035
"Base (k=4) Token","log_token_freq",-0.500853029542511,0.223157864642223,-0.94891912225,-0.0635911845000001
"Base (k=4) Token","has_alt_presno",-1.39870543806435,0.556653803010873,-2.5136477275,-0.332861110250001
"Base (k=4) Token","log_alt_pres_freq",-0.382421761158875,0.143677458540943,-0.66453201075,-0.0989850752
"Base (k=4) Token","has_alt_pastno",-2.09889826027625,0.526219721642367,-3.1347878275,-1.0772446
"Base (k=4) Token","log_alt_past_freq",-0.251527937956761,0.172929860255616,-0.59092224625,0.090040367975
"Base (k=4) Token","std_inflPastSg",-0.890972660621234,0.222815803632637,-1.33589549,-0.4535708855
"Base (k=4) Token","marking_typevowel_bipartite:std_inflPastSg",-0.247700640184267,0.470380426037259,-1.17457546,0.67464266825
"Base (k=4) Token","sdate_1",-0.353465183788517,0.954593536849115,-2.2201522875,1.547355
"Base (k=4) Token","sdate:marking_typevowel_unipartite_1",-1.0311149328725,0.932528704474435,-2.844963185,0.804246405499999
"Base (k=4) Token","sdate:marking_typevowel_bipartite_1",0.660306786340229,0.983289423202734,-1.294593035,2.5853954925
"Base (k=4) Token","sdate:log_token_freq_1",1.12688157393658,0.91887192494965,-0.7018366685,2.91634648
"Base (k=4) Token","sdate:log_token_freq_2",0.223884735813912,0.487206813204925,-0.7602133965,1.1455388425
"Base (k=4) Token","sdate:std_inflPastPl_1",0.0876341092209738,0.908522780929553,-1.6786483525,1.87296457
"Base (k=4) Token","sdate:std_inflPastSg_1",-0.433662510033563,0.86700126680519,-2.1261904475,1.30059441
"Base (k=4) Token","sdate:varietyCentralGerman_1",0.486807595234829,0.977425062367841,-1.474793825,2.3862768525
"Base (k=4) Token","sdate:varietyUpperGerman_1",-0.845004158183214,0.952674279852773,-2.6306944075,1.0525895525
