stage,denominator,observations,source_tokens,observation_unit,surface_lemmas,lemma_families,documents,note
MHG extraction,164187,164187,164187,token row,2945,0,405,all extracted MHG strong-verb tokens
ENHG extraction,166800,166800,166800,token row,1754,0,190,all extracted ENHG strong-verb tokens
Combined join,330987,330987,330987,token row,4671,455,595,mapped and unmapped rows retained
Mapped join rows,330987,281458,281458,token row,3406,455,594,non-missing corpus-aware lemma_id
Frequency eligible,281458,280870,280870,token row,3175,291,594,family has more than 10 mapped tokens
Normalized,280870,211915,211915,token row,2659,291,349,"date, variety, and principal part all resolved"
Coding eligible,211915,151045,151045,token row,2393,285,349,excluded non-strong/irregular inflClass labels
Coded past tokens,151045,56498,56498,token row,1646,245,338,PastSg and PastPl rows emitted by outcome coder
Vowel model,56498,9290,45390,document-lemma-slot-outcome presence,126,126,335,distinct document x lemma-family x slot x outcome rows
