corpus,lemma,lemma_id
ENHG,abgehen,1
ENHG,angehen,1
ENHG,aufgehen,1
ENHG,auf|abgehen,1
ENHG,ausgehen,1
ENHG,aus|eingehen,1
ENHG,begehen,1
ENHG,eingehen,1
ENHG,ein|ausgehen,1
ENHG,entgehen,1
ENHG,ergehen,1
ENHG,gehen,1
ENHG,untergehen,1
ENHG,vergehen,1
ENHG,vorgehen,1
ENHG,übergehen,1
MHG,be-gân,1
MHG,be-gân/vor(e)>+,1
MHG,durh-gân,1
MHG,ent-gân,1
MHG,er-gân,1
MHG,er-gân/ûz>+,1
MHG,er-gên,1
MHG,ge-gân,1
MHG,ge-gân/abe>+,1
MHG,ge-gân/abe>.+,1
MHG,ge-gân/zuo+,1
MHG,gân,1
MHG,gân/abe+,1
MHG,gân/abe<+,1
MHG,gân/abe<.+,1
MHG,gân/abe>+,1
MHG,gân/abe>.+,1
MHG,gân/all-umbe<+,1
MHG,gân/all-umbe>+,1
MHG,gân/ane+,1
MHG,gân/ane<+,1
MHG,gân/ane<.+,1
MHG,gân/ane>+,1
MHG,gân/ane>.+,1
MHG,gân/bî<.+,1
MHG,gân/bî>+,1
MHG,gân/durh+,1
MHG,gân/durh<+,1
MHG,gân/durh<.+,1
MHG,gân/durh>+,1
MHG,gân/durh>.+,1
MHG,gân/en-gègen(e)<.+,1
MHG,gân/en-gègen(e)>+,1
MHG,gân/gân>+,1
MHG,gân/gègen(e)>+,1
MHG,gân/hin(e)+,1
MHG,gân/hin(e)>+,1
MHG,gân/hin(e)>.+,1
MHG,gân/hinter>+,1
MHG,gân/in+,1
MHG,gân/in<+,1
MHG,gân/in<+/ûz<+,1
MHG,gân/in<.+,1
MHG,gân/in>+,1
MHG,gân/inne<+,1
MHG,gân/inne>+,1
MHG,gân/mit(e)<+,1
MHG,gân/mit(e)<.+,1
MHG,gân/mit(e)>+,1
MHG,gân/mit(e)>.+,1
MHG,gân/nider(e)<+,1
MHG,gân/nider(e)<.+,1
MHG,gân/nider(e)<.+/ûf<.+,1
MHG,gân/nider(e)>+,1
MHG,gân/nider(e)>.+,1
MHG,gân/nâch+,1
MHG,gân/nâh<+,1
MHG,gân/nâh<.+,1
MHG,gân/nâh>+,1
MHG,gân/nâh>.+,1
MHG,gân/umbe+,1
MHG,gân/umbe<+,1
MHG,gân/umbe<.+,1
MHG,gân/umbe>+,1
MHG,gân/under+,1
MHG,gân/unter>+,1
MHG,gân/vor(e)<+,1
MHG,gân/vor(e)<.+,1
MHG,gân/vor(e)<.+/nâh<.+,1
MHG,gân/vor(e)>+,1
MHG,gân/vor(e)>+/nâh>.+,1
MHG,gân/vor(e)>.+,1
MHG,gân/vür(e),1
MHG,gân/vür(e)+,1
MHG,gân/vür(e)<+,1
MHG,gân/vür(e)<.+,1
MHG,gân/vür(e)>+,1
MHG,gân/wider(e)+,1
MHG,gân/wider(e)<+,1
MHG,gân/wider(e)<.+,1
MHG,gân/wider(e)>+,1
MHG,gân/wider(e)>.+,1
MHG,gân/wider(e)>.+/vür(e)>+,1
MHG,gân/zuo+,1
MHG,gân/zuo<+,1
MHG,gân/zuo<.+,1
MHG,gân/zuo>+,1
MHG,gân/zuo>.+,1
MHG,gân/în+,1
MHG,gân/în<+,1
MHG,gân/în<+/ûz<.+,1
MHG,gân/în<.+,1
MHG,gân/în>+,1
MHG,gân/în>.+,1
MHG,gân/ûf+,1
MHG,gân/ûf<+,1
MHG,gân/ûf<.+,1
MHG,gân/ûf>+,1
MHG,gân/ûf>.+,1
MHG,gân/ûf>.+/nider(e)>+,1
MHG,gân/ûz+,1
MHG,gân/ûz+în+,1
MHG,gân/ûz<+,1
MHG,gân/ûz<+/în<.+,1
MHG,gân/ûz<.+,1
MHG,gân/ûz>+,1
MHG,gân/ûz>.+,1
MHG,gân/ûz>.+/în>+,1
MHG,gân/über(e)+,1
MHG,gân/über(e)<.+,1
MHG,gân/über(e)>+,1
MHG,gân/über+,1
MHG,gên,1
MHG,irre-gân,1
MHG,misse-gân,1
MHG,umbe-gân,1
MHG,unter-gân,1
MHG,ver-gân,1
MHG,ver-gân/ane>+,1
MHG,ver-gân/ane>.+,1
MHG,ver-gên,1
MHG,voll-gân,1
MHG,vür(e)-gân,1
MHG,vüre-gân,1
MHG,wider-gân,1
MHG,zer-gân,1
MHG,über-gân,1
ENHG,abhelfen,2
ENHG,helfen,2
MHG,be-hëlfen,2
MHG,ge-hëlfen,2
MHG,ge-hëlfen/ûz>+,2
MHG,hëlfen,2
MHG,hëlfen/abe<+,2
MHG,hëlfen/abe<.+,2
MHG,hëlfen/abe>+,2
MHG,hëlfen/wider(e)<.+,2
MHG,hëlfen/ûf+,2
MHG,hëlfen/ûf<+,2
MHG,hëlfen/ûf<.+,2
MHG,hëlfen/ûf<.+/nider(e)<.+,2
MHG,ver-hëlfen,2
ENHG,abkommen,3
ENHG,ankommen,3
ENHG,aufkommen,3
ENHG,auskommen,3
ENHG,bekommen,3
ENHG,einkommen,3
ENHG,entkommen,3
ENHG,kommen,3
ENHG,nachkommen,3
ENHG,niederkommen,3
ENHG,umkommen,3
ENHG,unterkommen,3
ENHG,verkommen,3
ENHG,vorkommen,3
ENHG,zukommen,3
ENHG,überkommen,3
MHG,be-komen,3
MHG,ent-komen,3
MHG,er-komen,3
MHG,ge-komen,3
MHG,hinter-komen,3
MHG,komen,3
MHG,komen/<+hër(e),3
MHG,komen/<+vür(e),3
MHG,komen/<.+zuo,3
MHG,komen/>wider(e),3
MHG,komen/abe+,3
MHG,komen/abe<+,3
MHG,komen/abe<.+,3
MHG,komen/abe>+,3
MHG,komen/abe>.+,3
MHG,komen/ane+,3
MHG,komen/ane<+,3
MHG,komen/ane<.+,3
MHG,komen/ane>+,3
MHG,komen/ane>.+,3
MHG,komen/bî<+,3
MHG,komen/bî<.+,3
MHG,komen/bî>+,3
MHG,komen/en-gègen(e)<+,3
MHG,komen/en-gègen(e)<.+,3
MHG,komen/en-gègen(e)>+,3
MHG,komen/hin(e)+,3
MHG,komen/hin(e)>.+,3
MHG,komen/hër(e)+,3
MHG,komen/hër(e)<+,3
MHG,komen/hër(e)<.+,3
MHG,komen/hër(e)>+,3
MHG,komen/in+,3
MHG,komen/inne>+,3
MHG,komen/jin(e)>+,3
MHG,komen/nider(e)+,3
MHG,komen/nider(e)<+,3
MHG,komen/nider(e)>+,3
MHG,komen/nâch+,3
MHG,komen/nâh+,3
MHG,komen/nâh<.+,3
MHG,komen/nâh>+,3
MHG,komen/nâh>.+,3
MHG,komen/umbe+,3
MHG,komen/umbe>+,3
MHG,komen/umbe>.+,3
MHG,komen/unter>+,3
MHG,komen/vor(e)<.+/nâh<.+,3
MHG,komen/vor(e)>+,3
MHG,komen/vür(e)+,3
MHG,komen/vür(e)<+,3
MHG,komen/vür(e)<.+,3
MHG,komen/vür(e)>+,3
MHG,komen/wider(e),3
MHG,komen/wider(e)+,3
MHG,komen/wider(e)<+,3
MHG,komen/wider(e)<.+,3
MHG,komen/wider(e)>+,3
MHG,komen/wider(e)>.+,3
MHG,komen/zuo+,3
MHG,komen/zuo<+,3
MHG,komen/zuo<.+,3
MHG,komen/zuo>+,3
MHG,komen/zuo>.+,3
MHG,komen/în+,3
MHG,komen/în+>,3
MHG,komen/în<+,3
MHG,komen/în<.+,3
MHG,komen/în>+,3
MHG,komen/ûf+,3
MHG,komen/ûf<+,3
MHG,komen/ûf<.+,3
MHG,komen/ûf>+,3
MHG,komen/ûf>.+,3
MHG,komen/ûz+,3
MHG,komen/ûz<+,3
MHG,komen/ûz<.+,3
MHG,komen/ûz>+,3
MHG,komen/ûz>.+,3
MHG,komen/über(e)<+,3
MHG,komen/über(e)>+,3
MHG,komen/über-èin<+,3
MHG,komen/über-èin<.+,3
MHG,komen/über-èin>+,3
MHG,komen/über-èin>.+,3
MHG,misse-komen,3
MHG,umbe-komen,3
MHG,unter-komen,3
MHG,ver-komen,3
MHG,voll-komen,3
MHG,vür(e)-komen,3
MHG,vüre-komen,3
MHG,wider-komen,3
MHG,wider-komen/wider(e)>+,3
MHG,über-komen,3
ENHG,ablassen,4
ENHG,anlassen,4
ENHG,auslassen,4
ENHG,einlassen,4
ENHG,ein|auslassen,4
ENHG,entlassen,4
ENHG,erlassen,4
ENHG,lassen,4
ENHG,nachlassen,4
ENHG,unterlassen,4
ENHG,verlassen,4
ENHG,zulassen,4
MHG,be-lâzen,4
MHG,ent-lâzen,4
MHG,er-lâzen,4
MHG,ge-lâzen,4
MHG,ge-lâzen/abe>+,4
MHG,ge-lâzen/nider(e)>+,4
MHG,ge-lâzen/ûze>+,4
MHG,lâzen,4
MHG,lâzen/abe+,4
MHG,lâzen/abe<+,4
MHG,lâzen/abe<.+,4
MHG,lâzen/abe>+,4
MHG,lâzen/abe>.+,4
MHG,lâzen/ane+,4
MHG,lâzen/ane<+,4
MHG,lâzen/in+,4
MHG,lâzen/in<.+,4
MHG,lâzen/in>+,4
MHG,lâzen/in>.+,4
MHG,lâzen/nider(e)+,4
MHG,lâzen/nider(e)<+,4
MHG,lâzen/nider(e)<.+,4
MHG,lâzen/nider(e)>+,4
MHG,lâzen/nider+,4
MHG,lâzen/nâh<.+,4
MHG,lâzen/vor(e)>+,4
MHG,lâzen/vür(e)+,4
MHG,lâzen/wider(e)+,4
MHG,lâzen/wider(e)>+,4
MHG,lâzen/zuo>+,4
MHG,lâzen/în<+,4
MHG,lâzen/în<.+,4
MHG,lâzen/în>+,4
MHG,lâzen/ûf<.+,4
MHG,lâzen/ûf>+,4
MHG,lâzen/ûz+,4
MHG,lâzen/ûz<+,4
MHG,lâzen/ûz<.+,4
MHG,lâzen/ûz>+,4
MHG,unter-lâzen,4
MHG,ver-lâzen,4
MHG,ver-lâzen/ane>+,4
MHG,ver-lâzen/în>+,4
MHG,wider-lâzen,4
MHG,zer-lâzen,4
ENHG,ablaufen,5
ENHG,anlaufen,5
ENHG,auflaufen,5
ENHG,auslaufen,5
ENHG,einlaufen,5
ENHG,lauf,5
ENHG,laufen,5
ENHG,verlaufen,5
ENHG,überlaufen,5
MHG,be-loufen,5
MHG,durh-loufen,5
MHG,ent-loufen,5
MHG,er-loufen,5
MHG,ge-loufen,5
MHG,ge-loufen/ûf>+,5
MHG,loufen,5
MHG,loufen/ane+,5
MHG,loufen/ane<+,5
MHG,loufen/ane<.+,5
MHG,loufen/ane>+,5
MHG,loufen/ane>.+,5
MHG,loufen/en-gègen(e)<+,5
MHG,loufen/gègen(e)>+,5
MHG,loufen/mit(e)+,5
MHG,loufen/mit(e)<+,5
MHG,loufen/nider(e)>+,5
MHG,loufen/nâch+,5
MHG,loufen/nâh<.+,5
MHG,loufen/nâh>+,5
MHG,loufen/umbe>+,5
MHG,loufen/vor(e)<+,5
MHG,loufen/vür(e)<.+,5
MHG,loufen/wider(e)<+,5
MHG,loufen/zuo+,5
MHG,loufen/zuo<+,5
MHG,loufen/zuo<.+,5
MHG,loufen/în<.+,5
MHG,loufen/ûf+,5
MHG,loufen/ûf>+,5
MHG,loufen/ûz+,5
MHG,loufen/ûz<+,5
MHG,loufen/ûz<.+,5
MHG,loufen/ûz>+,5
MHG,loufen/über(e)>+,5
MHG,ver-loufen,5
MHG,wider-loufen,5
MHG,zer-loufen,5
ENHG,abschaffen,6
ENHG,beschaffen,6
ENHG,erschaffen,6
ENHG,schaffen,6
MHG,schaffen,6
ENHG,abschlagen,7
ENHG,anschlagen,7
ENHG,aufschlagen,7
ENHG,ausschlagen,7
ENHG,entschlagen,7
ENHG,schlagen,7
ENHG,umschlagen,7
ENHG,verschlagen,7
ENHG,überschlagen,7
MHG,be-slahen,7
MHG,durh-slahen,7
MHG,ent-slahen,7
MHG,er-slahen,7
MHG,ge-slahen,7
MHG,ge-slahen/nider(e)>+,7
MHG,slahen,7
MHG,slahen/abe+,7
MHG,slahen/abe<+,7
MHG,slahen/abe<.+,7
MHG,slahen/abe>+,7
MHG,slahen/abe>.+,7
MHG,slahen/ane+,7
MHG,slahen/ane<.+,7
MHG,slahen/ane>+,7
MHG,slahen/nider(e)+,7
MHG,slahen/nider(e)<+,7
MHG,slahen/nider(e)<.+,7
MHG,slahen/nider(e)>+,7
MHG,slahen/nider(e)>.+,7
MHG,slahen/umbe<+,7
MHG,slahen/umbe>+,7
MHG,slahen/unter>.+,7
MHG,slahen/vür(e)<+,7
MHG,slahen/wider(e)+,7
MHG,slahen/wider(e)<.+,7
MHG,slahen/wider(e)>+,7
MHG,slahen/zuo<+,7
MHG,slahen/zuo<.+,7
MHG,slahen/zuo>+,7
MHG,slahen/ûf+,7
MHG,slahen/ûf<+/abe<.+,7
MHG,slahen/ûf<.+,7
MHG,slahen/ûf>+,7
MHG,slahen/ûf>.+/abe>+,7
MHG,slahen/ûf>.+/nider(e)>+,7
MHG,slahen/ûz<+,7
MHG,slahen/ûz<.+,7
MHG,slahen/ûz>+,7
MHG,unter-slahen,7
MHG,ver-slahen,7
MHG,wider-slahen,7
MHG,zer-slahen,7
MHG,über-slahen,7
ENHG,abschneiden,8
ENHG,aufschneiden,8
ENHG,durchschneiden,8
ENHG,schneiden,8
ENHG,verschneiden,8
MHG,be-snîden,8
MHG,durh-snîden,8
MHG,er-snîden,8
MHG,ge-snîden,8
MHG,snîden,8
MHG,snîden/abe<+,8
MHG,snîden/abe<.+,8
MHG,snîden/abe>+,8
MHG,snîden/abe>.+,8
MHG,snîden/ûf>+,8
MHG,snîden/ûfe<.+,8
MHG,snîden/ûz+,8
MHG,snîden/ûz<.+,8
MHG,snîden/ûz>+,8
MHG,unter-snîden,8
MHG,ver-snîden,8
MHG,zer-snîden,8
MHG,über-snîden,8
ENHG,abstehen,9
ENHG,auferstehen,9
ENHG,aufstehen,9
ENHG,ausstehen,9
ENHG,beistehen,9
ENHG,bestehen,9
ENHG,einstehen,9
ENHG,entstehen,9
ENHG,gestehen,9
ENHG,stehen,9
ENHG,unterstehen,9
ENHG,verstehen,9
ENHG,vorstehen,9
ENHG,zustehen,9
MHG,be-stân,9
MHG,be-stân/vor(e)+,9
MHG,be-stân/vor(e)>+,9
MHG,ent-stân,9
MHG,er-stân,9
MHG,er-stân/wider(e)<.+,9
MHG,er-stân/ûf+,9
MHG,er-stân/ûf<+,9
MHG,er-stân/ûf>+,9
MHG,er-stân/ûf>.+,9
MHG,er-stên,9
MHG,ge-stân,9
MHG,ge-stân/abe<+,9
MHG,ge-stân/abe>+,9
MHG,ge-stân/bî<.+,9
MHG,ge-stân/bî>+,9
MHG,ge-stân/bî>.+,9
MHG,ge-stân/vor(e)>+,9
MHG,ge-stân/zuo<+,9
MHG,ge-stân/ûf<.+,9
MHG,ge-stân/ûf>+,9
MHG,ge-stân/ûf>.+,9
MHG,misse-stân,9
MHG,stân,9
MHG,stân/>+ûf,9
MHG,stân/abe+,9
MHG,stân/abe<+,9
MHG,stân/abe>+,9
MHG,stân/ane+,9
MHG,stân/ane<.+,9
MHG,stân/ane>+,9
MHG,stân/bî+,9
MHG,stân/bî<+,9
MHG,stân/bî<.+,9
MHG,stân/bî>+,9
MHG,stân/in>+,9
MHG,stân/inne<.+,9
MHG,stân/nider(e)<+,9
MHG,stân/nider(e)<.+,9
MHG,stân/nâh<.+,9
MHG,stân/vor(e)<+,9
MHG,stân/vor(e)<.+,9
MHG,stân/vor(e)>+,9
MHG,stân/vür(e)>+,9
MHG,stân/wider(e)>+,9
MHG,stân/zuo>+,9
MHG,stân/ûf+,9
MHG,stân/ûf<+,9
MHG,stân/ûf<.+,9
MHG,stân/ûf>,9
MHG,stân/ûf>+,9
MHG,stân/ûf>.+,9
MHG,stân/ûfe>+,9
MHG,stân/ûz>+,9
MHG,stên,9
MHG,umbe-stân,9
MHG,unter-stân,9
MHG,ver-stân,9
MHG,voll-stân,9
MHG,vür(e)-stân,9
MHG,vüre-stân,9
MHG,wider-stân,9
MHG,zer-stân,9
ENHG,absterben,10
ENHG,ersterben,10
ENHG,sterben,10
MHG,er-stërben,10
MHG,er-stërben/ane>+,10
MHG,ge-stërben,10
MHG,stërben,10
MHG,ver-stërben,10
ENHG,abtragen,11
ENHG,antragen,11
ENHG,auftragen,11
ENHG,aus|eintragen,11
ENHG,betragen,11
ENHG,eintragen,11
ENHG,ertragen,11
ENHG,tragen,11
ENHG,vertragen,11
ENHG,vortragen,11
ENHG,zutragen,11
MHG,be-tragen,11
MHG,ent-tragen,11
MHG,er-tragen,11
MHG,ge-tragen,11
MHG,ge-tragen/ane>+,11
MHG,ge-tragen/vür(e)>+,11
MHG,tragen,11
MHG,tragen/abe+,11
MHG,tragen/ane+,11
MHG,tragen/ane<+,11
MHG,tragen/ane<.+,11
MHG,tragen/ane>+,11
MHG,tragen/bî<.+,11
MHG,tragen/en-gègen(e)<.+,11
MHG,tragen/hin(e)+,11
MHG,tragen/in>+,11
MHG,tragen/nider(e)<.+,11
MHG,tragen/nâh>+,11
MHG,tragen/umbe<.+,11
MHG,tragen/vor(e)+,11
MHG,tragen/vor(e)<+,11
MHG,tragen/vor(e)<.+,11
MHG,tragen/vor(e)>+,11
MHG,tragen/vor(e)>.+,11
MHG,tragen/vür(e)+,11
MHG,tragen/vür(e)<+,11
MHG,tragen/vür(e)<.+,11
MHG,tragen/vür(e)>+,11
MHG,tragen/vür(e)>.+,11
MHG,tragen/wider(e)<.+,11
MHG,tragen/wider(e)>+,11
MHG,tragen/zuo+,11
MHG,tragen/zuo<.+,11
MHG,tragen/zuo>+,11
MHG,tragen/în<.+,11
MHG,tragen/în>+,11
MHG,tragen/ûf+,11
MHG,tragen/ûf<+,11
MHG,tragen/ûf<.+,11
MHG,tragen/ûf>+,11
MHG,tragen/ûfe+,11
MHG,tragen/ûz+,11
MHG,tragen/ûz<+,11
MHG,tragen/ûz<.+,11
MHG,tragen/ûz>+,11
MHG,tragen/über-èin>+,11
MHG,tragen/über-èin>.+,11
MHG,umbe-tragen,11
MHG,unter-tragen,11
MHG,ver-tragen,11
MHG,voll-tragen,11
MHG,wider-tragen,11
MHG,zer-tragen,11
MHG,über-tragen,11
ENHG,abtreiben,12
ENHG,treiben,12
ENHG,vertreiben,12
MHG,durh-trîben,12
MHG,ent-trîben,12
MHG,ge-trîben,12
MHG,ge-trîben/uz>+,12
MHG,ge-trîben/în>+,12
MHG,ge-trîben/ûz>+,12
MHG,trîben,12
MHG,trîben/abe+,12
MHG,trîben/ane<+,12
MHG,trîben/ane<.+,12
MHG,trîben/en-bor(e)+,12
MHG,trîben/hër(e)<.+,12
MHG,trîben/in+,12
MHG,trîben/umbe+,12
MHG,trîben/umbe>+,12
MHG,trîben/wider(e)+,12
MHG,trîben/wider(e)<.+,12
MHG,trîben/wider(e)>+,12
MHG,trîben/zuo+,12
MHG,trîben/zuo>+,12
MHG,trîben/în>+,12
MHG,trîben/ûf<+,12
MHG,trîben/ûf<.+,12
MHG,trîben/ûf>+,12
MHG,trîben/ûz+,12
MHG,trîben/ûz<+,12
MHG,trîben/ûz<.+,12
MHG,trîben/ûz>+,12
MHG,trîben/ûz>.+,12
MHG,ver-trîben,12
MHG,ver-trîben/ûz>+,12
MHG,wider-trîben,12
MHG,zer-trîben,12
ENHG,abtreten,13
ENHG,antreten,13
ENHG,auftreten,13
ENHG,austreten,13
ENHG,treten,13
ENHG,vortreten,13
ENHG,übertreten,13
MHG,be-trëten,13
MHG,er-trëten,13
MHG,ge-trëten,13
MHG,ge-trëten/ûf>+,13
MHG,misse-trëten,13
MHG,trëten,13
MHG,trëten/ane+,13
MHG,trëten/ane<.+,13
MHG,trëten/ane>+,13
MHG,trëten/hinter<+,13
MHG,trëten/nider(e)<+,13
MHG,trëten/nider(e)<.+,13
MHG,trëten/nider(e)>+,13
MHG,trëten/nâch+,13
MHG,trëten/nâh<.+,13
MHG,trëten/nâh>+,13
MHG,trëten/vor(e)>.+,13
MHG,trëten/vür(e)>+,13
MHG,trëten/wider(e)>+,13
MHG,trëten/zuo+,13
MHG,trëten/zuo<+,13
MHG,trëten/zuo>+,13
MHG,trëten/în<.+,13
MHG,trëten/în>+,13
MHG,trëten/în>.+,13
MHG,trëten/ûf<.+,13
MHG,trëten/ûf>+,13
MHG,trëten/ûf>.+,13
MHG,umbe-trëten,13
MHG,ver-trëten,13
MHG,wider-trëten,13
MHG,zer-trëten,13
MHG,über-trëten,13
ENHG,abtun,14
ENHG,antun,14
ENHG,tun,14
MHG,be-tuon,14
MHG,ent-tuon,14
MHG,ent-tuon/ûf<+,14
MHG,ge-tuon,14
MHG,ge-tuon/ane<.+,14
MHG,ge-tuon/ane>+,14
MHG,ge-tuon/zuo>+,14
MHG,ge-tuon/ûf<.+,14
MHG,ge-tuon/ûf>+,14
MHG,ge-tuon/ûz+,14
MHG,misse-tuon,14
MHG,tuon,14
MHG,tuon/<+ûf,14
MHG,tuon/abe+,14
MHG,tuon/abe<.+,14
MHG,tuon/abe>+,14
MHG,tuon/abe>.+,14
MHG,tuon/ane+,14
MHG,tuon/ane<+,14
MHG,tuon/ane<.+,14
MHG,tuon/ane>+,14
MHG,tuon/ane>.+,14
MHG,tuon/hin(e)+,14
MHG,tuon/hin(e)>+,14
MHG,tuon/mit(e)>+,14
MHG,tuon/nâch+,14
MHG,tuon/nâh+,14
MHG,tuon/umbe>+,14
MHG,tuon/unter>+,14
MHG,tuon/unter>.+,14
MHG,tuon/vor(e)+,14
MHG,tuon/vor(e)<.+,14
MHG,tuon/vor(e)>+,14
MHG,tuon/wider(e)+,14
MHG,tuon/wider(e)>+,14
MHG,tuon/zuo<+,14
MHG,tuon/zuo<.+,14
MHG,tuon/zuo>+,14
MHG,tuon/zuo>.+,14
MHG,tuon/în<+,14
MHG,tuon/în<.+,14
MHG,tuon/în>+,14
MHG,tuon/ûf+,14
MHG,tuon/ûf<+,14
MHG,tuon/ûf<.+,14
MHG,tuon/ûf<.+/zuo<.+,14
MHG,tuon/ûf>+,14
MHG,tuon/ûf>.+/zuo>.+,14
MHG,tuon/ûz+,14
MHG,tuon/ûz<.+,14
MHG,tuon/ûz>+,14
MHG,tuon/ûzen(e)+,14
MHG,tuon/über(e)<.+,14
MHG,unter-tuon,14
MHG,ver-tuon,14
MHG,vol-tuon,14
MHG,voll-tuon,14
MHG,volle-tuon,14
MHG,wider-tuon,14
MHG,zer-tuon,14
MHG,über-tuon,14
ENHG,abweichen,15
ENHG,ausweichen,15
ENHG,entweichen,15
ENHG,weichen,15
MHG,ent-wîchen,15
MHG,ent-wîchen/vor(e)+,15
MHG,ge-wîchen,15
MHG,wîchen,15
MHG,wîchen/bî<+,15
MHG,wîchen/hinter<.+,15
MHG,wîchen/vor(e)+,15
MHG,wîchen/wider(e)>+,15
MHG,â-wîchen,15
ENHG,abwerfen,16
ENHG,anwerfen,16
ENHG,aufwerfen,16
ENHG,auswerfen,16
ENHG,entwerfen,16
ENHG,unterwerfen,16
ENHG,verwerfen,16
ENHG,werfen,16
ENHG,überwerfen,16
MHG,be-wërfen,16
MHG,ent-wërfen,16
MHG,er-wërfen,16
MHG,ge-wërfen,16
MHG,ge-wërfen/zuo>+,16
MHG,unter-wërfen,16
MHG,ver-wërfen,16
MHG,wërfen,16
MHG,wërfen/<.+abe,16
MHG,wërfen/abe<.+,16
MHG,wërfen/abe>+,16
MHG,wërfen/ane+,16
MHG,wërfen/ane<+,16
MHG,wërfen/ane<.+,16
MHG,wërfen/ane>+,16
MHG,wërfen/en-gègen(e)>+,16
MHG,wërfen/hin(e)>+,16
MHG,wërfen/nider(e)+,16
MHG,wërfen/nider(e)<+,16
MHG,wërfen/nider(e)<.+,16
MHG,wërfen/nider(e)>+,16
MHG,wërfen/umbe+,16
MHG,wërfen/umbe<.+,16
MHG,wërfen/umbe>+,16
MHG,wërfen/unter>+,16
MHG,wërfen/zuo<.+,16
MHG,wërfen/zuo>+,16
MHG,wërfen/zuo>.+,16
MHG,wërfen/în<+,16
MHG,wërfen/în<.+,16
MHG,wërfen/în>+,16
MHG,wërfen/ûf+,16
MHG,wërfen/ûf<+,16
MHG,wërfen/ûf<.+,16
MHG,wërfen/ûf>+,16
MHG,wërfen/ûf>.+,16
MHG,wërfen/ûz+,16
MHG,wërfen/ûz<+,16
MHG,wërfen/ûz<.+,16
MHG,wërfen/ûz>+,16
MHG,wërfen/ûz>.+,16
MHG,wërfen/über(e)<.+,16
MHG,zer-wërfen,16
MHG,über-wërfen,16
ENHG,abziehen,17
ENHG,anziehen,17
ENHG,aufziehen,17
ENHG,ausziehen,17
ENHG,erziehen,17
ENHG,nachziehen,17
ENHG,umziehen,17
ENHG,verziehen,17
ENHG,vorziehen,17
ENHG,ziehen,17
ENHG,zuziehen,17
ENHG,überziehen,17
MHG,be-zièhen,17
MHG,durh-zièhen,17
MHG,ent-zièhen,17
MHG,er-zièhen,17
MHG,er-zièhen/ûf+,17
MHG,ge-zièhen,17
MHG,ge-zièhen/abe>+,17
MHG,ge-zièhen/vür(e)>+,17
MHG,ge-zièhen/în<.+,17
MHG,ge-zièhen/ûz>+,17
MHG,ge-zièhen/ûz>.+,17
MHG,umbe-zièhen,17
MHG,unter-zièhen,17
MHG,ver-zièhen,17
MHG,voll-zièhen,17
MHG,wider-zièhen,17
MHG,zer-zièhen,17
MHG,zièhen,17
MHG,zièhen/abe+,17
MHG,zièhen/abe<+,17
MHG,zièhen/abe<.+,17
MHG,zièhen/abe>+,17
MHG,zièhen/abe>.+,17
MHG,zièhen/ane+,17
MHG,zièhen/ane<.+,17
MHG,zièhen/ane>+,17
MHG,zièhen/hinter>+,17
MHG,zièhen/in+,17
MHG,zièhen/in>+,17
MHG,zièhen/mit(e)>+,17
MHG,zièhen/nider(e)+,17
MHG,zièhen/nider(e)<+,17
MHG,zièhen/nider(e)>+,17
MHG,zièhen/nider(e)>.+,17
MHG,zièhen/nâch+,17
MHG,zièhen/nâh<.+,17
MHG,zièhen/nâh>+,17
MHG,zièhen/vor(e)<+,17
MHG,zièhen/vor(e)>+,17
MHG,zièhen/vor(e)>.+,17
MHG,zièhen/vür(e)+,17
MHG,zièhen/vür(e)<+,17
MHG,zièhen/vür(e)<.+,17
MHG,zièhen/vür(e)>+,17
MHG,zièhen/wider(e)<.+,17
MHG,zièhen/wider(e)>+,17
MHG,zièhen/zuo+,17
MHG,zièhen/zuo<+,17
MHG,zièhen/zuo<.+,17
MHG,zièhen/zuo>+,17
MHG,zièhen/în<+,17
MHG,zièhen/în>+,17
MHG,zièhen/ûf+,17
MHG,zièhen/ûf<+,17
MHG,zièhen/ûf<.+,17
MHG,zièhen/ûf>+,17
MHG,zièhen/ûz+,17
MHG,zièhen/ûz<+,17
MHG,zièhen/ûz<.+,17
MHG,zièhen/ûz>+,17
MHG,zièhen/ûz>.+,17
MHG,zièhen/über(e)>+,17
MHG,über-zièhen,17
ENHG,anbieten,18
ENHG,aufbieten,18
ENHG,bieten,18
ENHG,entbieten,18
ENHG,erbieten,18
ENHG,gebieten,18
ENHG,gebot,18
ENHG,verbieten,18
MHG,bièten,18
MHG,bièten/ane+,18
MHG,bièten/ane<+,18
MHG,bièten/ane<.+,18
MHG,bièten/ane>+,18
MHG,bièten/dar(e)+,18
MHG,bièten/dâr>+,18
MHG,bièten/vür(e)<+,18
MHG,bièten/vür(e)<.+,18
MHG,bièten/vür(e)>+,18
MHG,bièten/zuo>+,18
MHG,bièten/ûf<+,18
MHG,bièten/ûf>+,18
MHG,en-bièten,18
MHG,ent-bièten,18
MHG,ent-bièten/ûf>+,18
MHG,er-bièten,18
MHG,er-bièten/zuo>+,18
MHG,ge-bièten,18
MHG,ge-bièten/vor(e)>+,18
MHG,ge-bièten/vür(e)+,18
MHG,ge-bièten/vür(e)<.+,18
MHG,ge-bièten/vür(e)>+,18
MHG,ge-bièten/vür(e)>.+,18
MHG,ge-bièten/ûz>+,18
MHG,misse-bièten,18
MHG,ver-bièten,18
MHG,wider-bièten,18
ENHG,anfangen,19
ENHG,empfangen,19
ENHG,fangen,19
ENHG,verfangen,19
MHG,be-vâhen,19
MHG,be-vâhen/umbe>+,19
MHG,ent-vâhen,19
MHG,ent-vâhen/wider(e)>+,19
MHG,ent-vâhen/ûf>+,19
MHG,er-vâhen,19
MHG,ge-vâhen,19
MHG,ge-vâhen/ane+,19
MHG,ge-vâhen/ane>+,19
MHG,ge-vâhen/ûf>+,19
MHG,misse-vâhen,19
MHG,umbe-vâhen,19
MHG,unter-vâhen,19
MHG,ver-vâhen,19
MHG,vâhen,19
MHG,vâhen/abe+,19
MHG,vâhen/abe<.+,19
MHG,vâhen/abe>+,19
MHG,vâhen/ane+,19
MHG,vâhen/ane<+,19
MHG,vâhen/ane<.+,19
MHG,vâhen/ane>+,19
MHG,vâhen/ane>.+,19
MHG,vâhen/umbe>+,19
MHG,vâhen/vor(e)>+,19
MHG,vâhen/vür(e)+,19
MHG,vâhen/în<+,19
MHG,vâhen/ûf>+,19
MHG,vür(e)-vâhen,19
MHG,vüre-vâhen,19
MHG,über-vâhen,19
ENHG,anfechten,20
ENHG,fechten,20
MHG,durh-vëhten,20
MHG,ent-vëhten,20
MHG,er-vëhten,20
MHG,ge-vëhten,20
MHG,ge-vëhten/ane>+,20
MHG,sige-vëhten,20
MHG,ver-vëhten,20
MHG,vëhten,20
MHG,vëhten/abe<.+,20
MHG,vëhten/ane+,20
MHG,vëhten/ane<+,20
MHG,vëhten/ane<.+,20
MHG,vëhten/ane>+,20
MHG,vëhten/ane>.+,20
MHG,vëhten/mit(e)<.+,20
MHG,vëhten/mit(e)>+,20
MHG,vëhten/vor(e)<.+,20
MHG,vëhten/vor(e)>+,20
MHG,wider-vëhten,20
MHG,über-vëhten,20
ENHG,angeben,21
ENHG,aufgeben,21
ENHG,ausgeben,21
ENHG,begeben,21
ENHG,eingeben,21
ENHG,ergeben,21
ENHG,geben,21
ENHG,hingeben,21
ENHG,nachgeben,21
ENHG,umgeben,21
ENHG,vergeben,21
ENHG,zugeben,21
ENHG,übergeben,21
MHG,be-gëben,21
MHG,er-gëben,21
MHG,ge-gëben,21
MHG,ge-gëben/ûf>+,21
MHG,gëben,21
MHG,gëben/>+wider(e),21
MHG,gëben/abe+,21
MHG,gëben/ane<.+,21
MHG,gëben/ane>+,21
MHG,gëben/hin(e)>+,21
MHG,gëben/mit(e)+,21
MHG,gëben/mit(e)>+,21
MHG,gëben/umbe>+,21
MHG,gëben/vor(e)>+,21
MHG,gëben/vür(e)+,21
MHG,gëben/vür(e)>+,21
MHG,gëben/wider(e)+,21
MHG,gëben/wider(e)<+,21
MHG,gëben/wider(e)<.+,21
MHG,gëben/wider(e)>+,21
MHG,gëben/wider(e)>.+,21
MHG,gëben/zuo<.+,21
MHG,gëben/zuo>+,21
MHG,gëben/ûf+,21
MHG,gëben/ûf<+,21
MHG,gëben/ûf<.+,21
MHG,gëben/ûf>+,21
MHG,gëben/ûf>.+,21
MHG,gëben/ûfe>+,21
MHG,gëben/ûz<.+/în<.+,21
MHG,gëben/ûz>+,21
MHG,umbe-gëben,21
MHG,unter-gëben,21
MHG,ver-gëben,21
MHG,wider-gëben,21
MHG,über-gëben,21
ENHG,angesehen,22
ENHG,ansehen,22
ENHG,aufsehen,22
ENHG,nachsehen,22
ENHG,sehen,22
ENHG,versehen,22
ENHG,vorsehen,22
MHG,be-sëhen,22
MHG,be-sëhen/vor(e)+,22
MHG,be-sëhen/vor(e)>+,22
MHG,durh-sëhen,22
MHG,ent-sëhen,22
MHG,er-sëhen,22
MHG,ge-sëhen,22
MHG,ge-sëhen/ane+,22
MHG,ge-sëhen/ane<+,22
MHG,ge-sëhen/ane<.+,22
MHG,ge-sëhen/ane>+,22
MHG,ge-sëhen/nider(e)>+,22
MHG,ge-sëhen/umbe>+,22
MHG,ge-sëhen/vor(e)+,22
MHG,ge-sëhen/ûf>+,22
MHG,misse-sëhen,22
MHG,sëhen,22
MHG,sëhen/>.+ane,22
MHG,sëhen/ane+,22
MHG,sëhen/ane<+,22
MHG,sëhen/ane<+/ane<.+,22
MHG,sëhen/ane<.+,22
MHG,sëhen/ane>+,22
MHG,sëhen/ane>.+,22
MHG,sëhen/nider(e)<+,22
MHG,sëhen/nider(e)<.+,22
MHG,sëhen/nider(e)>+,22
MHG,sëhen/nâch+,22
MHG,sëhen/nâh<.+,22
MHG,sëhen/nâh>+,22
MHG,sëhen/umbe<+,22
MHG,sëhen/umbe<.+,22
MHG,sëhen/umbe>+,22
MHG,sëhen/umbe>.+,22
MHG,sëhen/vor(e)+,22
MHG,sëhen/vor(e)<.+,22
MHG,sëhen/vor(e)>+,22
MHG,sëhen/vür(e)<+,22
MHG,sëhen/vür(e)>+,22
MHG,sëhen/wider(e)<.+,22
MHG,sëhen/wider(e)>+,22
MHG,sëhen/zuo<+,22
MHG,sëhen/zuo<.+,22
MHG,sëhen/zuo>+,22
MHG,sëhen/ûf+,22
MHG,sëhen/ûf<+,22
MHG,sëhen/ûf<.+,22
MHG,sëhen/ûf>+,22
MHG,sëhen/ûf>.+,22
MHG,sëhen/ûz<.+,22
MHG,sëhen/über(e)>+,22
MHG,sëhen/über>+,22
MHG,unter-sëhen,22
MHG,ver-sëhen,22
MHG,voll-sëhen,22
MHG,vor(e)-sëhen,22
MHG,vore-sëhen,22
MHG,vür(e)-sëhen,22
MHG,vür-sëhen,22
MHG,vüre-sëhen,22
MHG,wider-sëhen,22
MHG,über(e)-ver-sëhen,22
MHG,über-sëhen,22
MHG,übere-ver-sëhen,22
ENHG,angreifen,23
ENHG,begreifen,23
ENHG,ergreifen,23
ENHG,greifen,23
MHG,be-grîfen,23
MHG,er-grîfen,23
MHG,ge-grîfen,23
MHG,grîfen,23
MHG,grîfen/ane+,23
MHG,grîfen/ane<+,23
MHG,grîfen/ane<.+,23
MHG,grîfen/ane>+,23
MHG,grîfen/ane>.+,23
MHG,grîfen/nider(e)<.+,23
MHG,grîfen/umbe>+,23
MHG,grîfen/vür(e)+,23
MHG,grîfen/zuo+,23
MHG,grîfen/zuo<+,23
MHG,grîfen/zuo<.+,23
MHG,grîfen/zuo>+,23
MHG,umbe-grîfen,23
MHG,ver-grîfen,23
ENHG,anhalten,24
ENHG,aushalten,24
ENHG,behalten,24
ENHG,einhalten,24
ENHG,enthalten,24
ENHG,erhalten,24
ENHG,halten,24
ENHG,verhalten,24
ENHG,zuhalten,24
MHG,be-halten,24
MHG,be-halten/vor(e)>+,24
MHG,ent-halten,24
MHG,ge-halten,24
MHG,ge-halten/vor(e)>+,24
MHG,halten,24
MHG,halten/ane+,24
MHG,halten/inne+,24
MHG,halten/vor(e)+,24
MHG,halten/vor(e)>+,24
MHG,halten/vür(e)>+,24
MHG,halten/ûf+,24
MHG,halten/ûf<.+,24
MHG,halten/ûf>+,24
MHG,ver-halten,24
MHG,voll-halten,24
ENHG,anliegen,25
ENHG,erliegen,25
ENHG,liegen,25
ENHG,ob|unterliegen,25
ENHG,unterliegen,25
MHG,be-ligen,25
MHG,ent-ligen,25
MHG,er-ligen,25
MHG,ge-ligen,25
MHG,ge-ligen/ane<.+,25
MHG,ge-ligen/ane>+,25
MHG,ge-ligen/nider(e)+,25
MHG,ge-ligen/nider(e)<+,25
MHG,ge-ligen/nider(e)<.+,25
MHG,ge-ligen/obe>+,25
MHG,ge-ligen/obe>.+,25
MHG,ge-ligen/under+,25
MHG,ge-ligen/unter<.+,25
MHG,ligen,25
MHG,ligen/ane<+,25
MHG,ligen/ane<.+,25
MHG,ligen/ane>+,25
MHG,ligen/ane>.+,25
MHG,ligen/bî+,25
MHG,ligen/bî<+,25
MHG,ligen/bî<.+,25
MHG,ligen/bî>+,25
MHG,ligen/in<.+,25
MHG,ligen/in>+,25
MHG,ligen/inne>+,25
MHG,ligen/mit(e)<.+,25
MHG,ligen/nider(e)+,25
MHG,ligen/nider(e)<+,25
MHG,ligen/nider(e)<.+,25
MHG,ligen/nider(e)>+,25
MHG,ligen/obe<+,25
MHG,ligen/obe<.+,25
MHG,ligen/obe>+,25
MHG,ligen/under+,25
MHG,ligen/zuo<+,25
MHG,ligen/zuo>+,25
MHG,ligen/ûfe>+,25
MHG,ligen/ûz>+,25
MHG,umbe-ligen,25
MHG,unter-ge-ligen,25
MHG,unter-ligen,25
MHG,ver-ligen,25
MHG,über-ligen,25
ENHG,anschreiben,26
ENHG,beschreiben,26
ENHG,schreiben,26
ENHG,verschreiben,26
ENHG,zuschreiben,26
MHG,be-schrîben,26
MHG,be-schrîben/inne+,26
MHG,er-schrîben,26
MHG,ge-schrîben,26
MHG,schrîben,26
MHG,schrîben/ane+,26
MHG,schrîben/ane<+,26
MHG,schrîben/ane<.+,26
MHG,schrîben/ane>+,26
MHG,schrîben/vor(e)>+,26
MHG,schrîben/vor(e)>.+,26
MHG,schrîben/über(e)>+,26
MHG,umbe-schrîben,26
MHG,ver-schrîben,26
MHG,voll-schrîben,26
ENHG,ansprechen,27
ENHG,besprechen,27
ENHG,sprechen,27
ENHG,versprechen,27
ENHG,zusprechen,27
MHG,be-sprëchen,27
MHG,ent-sprëchen,27
MHG,er-sprëchen,27
MHG,ge-sprëchen,27
MHG,ge-sprëchen/ane+,27
MHG,ge-sprëchen/ane>+,27
MHG,ge-sprëchen/vor(e)>+,27
MHG,ge-sprëchen/ûz>+,27
MHG,misse-sprëchen,27
MHG,sprëchen,27
MHG,sprëchen/+ane,27
MHG,sprëchen/abe>+,27
MHG,sprëchen/ane+,27
MHG,sprëchen/ane<+,27
MHG,sprëchen/ane<.+,27
MHG,sprëchen/ane>+,27
MHG,sprëchen/ane>.+,27
MHG,sprëchen/mit(e)<.+,27
MHG,sprëchen/nâh<.+,27
MHG,sprëchen/vor(e)+,27
MHG,sprëchen/vor(e)<+,27
MHG,sprëchen/vor(e)>+,27
MHG,sprëchen/vür(e)<+,27
MHG,sprëchen/vür(e)>+,27
MHG,sprëchen/wider(e)<+,27
MHG,sprëchen/wol(e)>+,27
MHG,sprëchen/zuo+,27
MHG,sprëchen/zuo<+,27
MHG,sprëchen/zuo<.+,27
MHG,sprëchen/zuo>+,27
MHG,sprëchen/zuo>.+,27
MHG,sprëchen/în<.+,27
MHG,sprëchen/ûz>+,27
MHG,sprëchen/über(e)>+,27
MHG,ver-sprëchen,27
MHG,voll-sprëchen,27
MHG,vür(e)-sprëchen,27
MHG,vüre-sprëchen,27
MHG,wider-sprëchen,27
MHG,wol(e)-sprëchen,27
MHG,wole-sprëchen,27
MHG,übel-sprëchen,27
MHG,über-sprëchen,27
ENHG,anwenden,28
ENHG,verwenden,28
ENHG,wenden,28
ENHG,anzeigen,29
ENHG,zeigen,29
ENHG,aufbrechen,30
ENHG,ausbrechen,30
ENHG,brechen,30
ENHG,einbrechen,30
ENHG,gebrechen,30
ENHG,verbrechen,30
MHG,brëchen,30
MHG,brëchen/abe+,30
MHG,brëchen/abe<+,30
MHG,brëchen/abe<.+,30
MHG,brëchen/abe>+,30
MHG,brëchen/abe>.+,30
MHG,brëchen/durch+,30
MHG,brëchen/durh<+,30
MHG,brëchen/durh<.+,30
MHG,brëchen/durh>+,30
MHG,brëchen/nider(e)<+,30
MHG,brëchen/nider(e)<.+,30
MHG,brëchen/nider(e)>+,30
MHG,brëchen/nider(e)>.+,30
MHG,brëchen/nâh>.+,30
MHG,brëchen/vor(e)>+,30
MHG,brëchen/vür(e)+,30
MHG,brëchen/vür(e)>+,30
MHG,brëchen/ûf+,30
MHG,brëchen/ûf<+,30
MHG,brëchen/ûf<.+,30
MHG,brëchen/ûf>+,30
MHG,brëchen/ûz+,30
MHG,brëchen/ûz<+,30
MHG,brëchen/ûz<.+,30
MHG,brëchen/ûz>+,30
MHG,durh-brëchen,30
MHG,ent-brëchen,30
MHG,er-brëchen,30
MHG,ge-brëchen,30
MHG,ge-brëchen/nider(e)>+,30
MHG,ge-brëchen/ûf>+,30
MHG,ge-brëchen/ûz>+,30
MHG,unter-brëchen,30
MHG,ver-brëchen,30
MHG,zer-brëchen,30
ENHG,aufdringen,31
ENHG,dringen,31
MHG,dringen,31
MHG,dringen/nâh>+,31
MHG,dringen/vor(e)+,31
MHG,dringen/vor(e)>+,31
MHG,dringen/vür(e)<.+,31
MHG,dringen/vür(e)>+,31
MHG,dringen/zuo+,31
MHG,dringen/zuo>+,31
MHG,dringen/în+,31
MHG,dringen/în<+,31
MHG,dringen/în<.+,31
MHG,dringen/în>+,31
MHG,dringen/ûf>+,31
MHG,dringen/ûz>+,31
MHG,durch-dringen,31
MHG,durh-dringen,31
MHG,er-dringen,31
MHG,ge-dringen,31
MHG,ge-dringen/abe>+,31
MHG,unter-dringen,31
MHG,ver-dringen,31
MHG,wider-dringen,31
ENHG,auffallen,32
ENHG,ausfallen,32
ENHG,einfallen,32
ENHG,fallen,32
ENHG,gefallen,32
MHG,be-vallen,32
MHG,ent-vallen,32
MHG,er-vallen,32
MHG,er-vallen/zuo<.+,32
MHG,ge-vallen,32
MHG,ge-vallen/ane<.+,32
MHG,ge-vallen/ane>+,32
MHG,ge-vallen/nider(e)<.+,32
MHG,ge-vallen/nider(e)>+,32
MHG,ge-vallen/în>+,32
MHG,misse-vallen,32
MHG,vallen,32
MHG,vallen/abe+,32
MHG,vallen/abe<+,32
MHG,vallen/abe<.+,32
MHG,vallen/abe>+,32
MHG,vallen/abe>.+,32
MHG,vallen/ane+,32
MHG,vallen/ane<.+,32
MHG,vallen/ane>+,32
MHG,vallen/in<.+,32
MHG,vallen/in>+,32
MHG,vallen/niden(e)>+,32
MHG,vallen/nider(e)+,32
MHG,vallen/nider(e)+<,32
MHG,vallen/nider(e)<+,32
MHG,vallen/nider(e)<.+,32
MHG,vallen/nider(e)<.+/nider(e)<+,32
MHG,vallen/nider(e)>+,32
MHG,vallen/vür(e)<.+,32
MHG,vallen/vür(e)>+,32
MHG,vallen/wider(e)+,32
MHG,vallen/zuo>+,32
MHG,vallen/în<.+,32
MHG,vallen/în>+,32
MHG,vallen/în>.+,32
MHG,vallen/ûz<.+,32
MHG,vallen/ûz>+,32
MHG,vallen/über(e)<+,32
MHG,vallen/über(e)<.+,32
MHG,ver-vallen,32
MHG,wol(e)-ge-vallen,32
MHG,wole-ge-vallen,32
MHG,zer-vallen,32
MHG,über-vallen,32
ENHG,ausstechen,33
ENHG,stechen,33
MHG,durh-stëchen,33
MHG,er-stëchen,33
MHG,ge-stëchen,33
MHG,ge-stëchen/in>+,33
MHG,stëchen,33
MHG,stëchen/abe>.+,33
MHG,stëchen/durh>+,33
MHG,stëchen/in+,33
MHG,stëchen/in>+,33
MHG,stëchen/nider(e)+,33
MHG,stëchen/nider(e)<+,33
MHG,stëchen/nider(e)<.+,33
MHG,stëchen/nider(e)>+,33
MHG,stëchen/stëchen>+,33
MHG,stëchen/zuo+,33
MHG,stëchen/ûz<.+,33
MHG,stëchen/ûz>+,33
MHG,unter-stëchen,33
MHG,ver-stëchen,33
MHG,zer-stëchen,33
ENHG,ausweisen,34
ENHG,beweisen,34
ENHG,unterweisen,34
ENHG,verweisen,34
ENHG,weisen,34
MHG,ent-wîsen,34
MHG,wîsen,34
ENHG,bedenken,35
ENHG,bedrohen,36
ENHG,drohen,36
ENHG,dräuen,36
ENHG,bedürfen,37
ENHG,befehlen,38
ENHG,befinden,39
ENHG,empfinden,39
ENHG,erfinden,39
ENHG,finden,39
MHG,be-vinden,39
MHG,ent-vinden,39
MHG,er-vinden,39
MHG,ge-vinden,39
MHG,vinden,39
MHG,wider-vinden,39
ENHG,begehren,40
ENHG,beginnen,41
MHG,be-ginnen,41
MHG,ent-ginnen,41
MHG,ginnen,41
ENHG,begraben,42
ENHG,graben,42
MHG,be-graben,42
MHG,durh-graben,42
MHG,ent-graben,42
MHG,er-graben,42
MHG,ge-graben,42
MHG,ge-graben/ûz>.+,42
MHG,graben,42
MHG,graben/durch<+,42
MHG,graben/umbe>+,42
MHG,graben/unter>+,42
MHG,graben/ûf>+,42
MHG,graben/ûz+,42
MHG,graben/ûz<.+,42
MHG,graben/ûz>+,42
MHG,umbe-graben,42
MHG,unter-graben,42
ENHG,beharren,43
ENHG,harren,43
ENHG,beherrschen,44
ENHG,herrschen,44
ENHG,behüten,45
ENHG,hüten,45
ENHG,bekennen,46
ENHG,bellen,47
MHG,bëllen,47
MHG,bëllen/ane>+,47
MHG,bëllen/wider(e)>+,47
MHG,ge-bëllen,47
ENHG,belügen,48
ENHG,lügen,48
MHG,be-liègen,48
MHG,er-liègen,48
MHG,ge-liègen,48
MHG,liègen,48
MHG,liègen/ane<+,48
MHG,liègen/ane>+,48
MHG,liègen/ane>.+,48
MHG,ver-liègen,48
ENHG,benehmen,49
ENHG,nehmen,49
ENHG,vernehmen,49
MHG,be-nëmen,49
MHG,ent-nëmen,49
MHG,ge-nëmen,49
MHG,ge-nëmen/abe<.+,49
MHG,ge-nëmen/abe>+,49
MHG,ge-nëmen/ane<+,49
MHG,ge-nëmen/ane>+,49
MHG,ge-nëmen/în>+,49
MHG,nëmen,49
MHG,nëmen/abe+,49
MHG,nëmen/abe<+,49
MHG,nëmen/abe<.+,49
MHG,nëmen/abe>+,49
MHG,nëmen/abe>.+,49
MHG,nëmen/ane+,49
MHG,nëmen/ane<+,49
MHG,nëmen/ane<.+,49
MHG,nëmen/ane>+,49
MHG,nëmen/ane>.+,49
MHG,nëmen/hin(e)>+,49
MHG,nëmen/in>+,49
MHG,nëmen/nider(e)<.+,49
MHG,nëmen/von(e)>+,49
MHG,nëmen/vür(e)+,49
MHG,nëmen/vür(e)<.+,49
MHG,nëmen/vür(e)>+,49
MHG,nëmen/wider(e)+,49
MHG,nëmen/wider(e)<+,49
MHG,nëmen/wider(e)<.+,49
MHG,nëmen/wider(e)>+,49
MHG,nëmen/zuo<+,49
MHG,nëmen/zuo<.+,49
MHG,nëmen/zuo<.+/abe<.+,49
MHG,nëmen/zuo>+,49
MHG,nëmen/zuo>.+,49
MHG,nëmen/în+,49
MHG,nëmen/în<.+,49
MHG,nëmen/în>+,49
MHG,nëmen/ûf<+,49
MHG,nëmen/ûf<+/abe<.+,49
MHG,nëmen/ûf<.+,49
MHG,nëmen/ûf>+,49
MHG,nëmen/ûz+,49
MHG,nëmen/ûz+ane+,49
MHG,nëmen/ûz<+,49
MHG,nëmen/ûz<.+,49
MHG,nëmen/ûz>+,49
MHG,unter-nëmen,49
MHG,ver-nëmen,49
MHG,über-nëmen,49
ENHG,beraten,50
ENHG,geraten,50
ENHG,raten,50
MHG,be-râten,50
MHG,ent-râten,50
MHG,er-râten,50
MHG,ge-râten,50
MHG,misse-râten,50
MHG,râten,50
MHG,râten/ane<+,50
MHG,râten/ane>+,50
MHG,râten/mit(e)+,50
MHG,râten/ûz+,50
MHG,ver-râten,50
MHG,wider-râten,50
ENHG,bergen,51
ENHG,verbergen,51
MHG,bërgen,51
MHG,ge-bërgen,51
MHG,ver-bërgen,51
MHG,ver-bërgen/vor(e)>+,51
ENHG,bersten,52
ENHG,gebresten,52
MHG,brësten,52
MHG,brësten/abe<+,52
MHG,brësten/ûz<.+,52
MHG,brësten/ûz>+,52
MHG,durh-brësten,52
MHG,ent-brësten,52
MHG,ge-brësten,52
MHG,zer-brësten,52
ENHG,berufen,53
ENHG,rufen,53
MHG,be-ruofen,53
MHG,er-ruofen,53
MHG,ge-ruofen,53
MHG,ge-ruofen/ane>+,53
MHG,ruofen,53
MHG,ruofen/abe<.+,53
MHG,ruofen/ane+,53
MHG,ruofen/ane<+,53
MHG,ruofen/ane<.+,53
MHG,ruofen/ane>+,53
MHG,ruofen/nâch+,53
MHG,ruofen/nâh<.+,53
MHG,ruofen/nâh>+,53
MHG,ruofen/zuo<.+,53
MHG,ruofen/zuo>+,53
MHG,ruofen/ûf<+,53
MHG,ruofen/ûz>+,53
MHG,wider-ruofen,53
MHG,über-ruofen,53
ENHG,bescheiden,54
ENHG,bescheidenheit,54
MHG,schîden,54
MHG,schîden/ûz+,54
MHG,unter-schîden,54
ENHG,beschlafen,55
ENHG,entschlafen,55
ENHG,schlafen,55
MHG,be-slâfen,55
MHG,ent-slâfen,55
MHG,ge-slâfen,55
MHG,slâfen,55
MHG,slâfen/bî>+,55
MHG,slâfen/în>+,55
MHG,ver-slâfen,55
ENHG,beschweren,56
ENHG,beschwören,57
ENHG,schwören,57
ENHG,verschwören,57
MHG,be-swèr(e)n,57
MHG,be-swèren,57
MHG,er-swèr(e)n/ûf>+,57
MHG,er-swèren,57
MHG,ge-swèr(e)n,57
MHG,ge-swèren,57
MHG,swèr(e)n,57
MHG,swèren,57
MHG,ver-swèr(e)n,57
MHG,ver-swèren,57
ENHG,besinnen,58
ENHG,sinnen,58
MHG,be-sinnen,58
MHG,ent-sinnen,58
MHG,er-sinnen,58
MHG,ge-sinnen,58
MHG,ge-sinnen/ane+,58
MHG,ge-sinnen/ane>+,58
MHG,sinnen,58
MHG,sinnen/ane+,58
MHG,sinnen/wider(e)>+,58
MHG,sinnen/zuo>+,58
MHG,ver-sinnen,58
MHG,wider-sinnen,58
ENHG,besitzen,59
ENHG,sitzen,59
ENHG,vorsitzen,59
MHG,be-sitzen,59
MHG,ent-sitzen,59
MHG,ge-sitzen,59
MHG,ge-sitzen/abe>+,59
MHG,ge-sitzen/nider(e)+,59
MHG,ge-sitzen/nider(e)<.+,59
MHG,ge-sitzen/nider(e)>+,59
MHG,ge-sitzen/vor(e)+,59
MHG,ge-sitzen/vür(e)>+,59
MHG,ge-sitzen/ûf>+,59
MHG,sitzen,59
MHG,sitzen/abe<+,59
MHG,sitzen/abe<.+,59
MHG,sitzen/abe>+,59
MHG,sitzen/ane>+,59
MHG,sitzen/bî+,59
MHG,sitzen/bî<+,59
MHG,sitzen/bî<.+,59
MHG,sitzen/bî>+,59
MHG,sitzen/inne+,59
MHG,sitzen/inne>+,59
MHG,sitzen/nider(e)+,59
MHG,sitzen/nider(e)<+,59
MHG,sitzen/nider(e)<.+,59
MHG,sitzen/nider(e)>+,59
MHG,sitzen/nider(e)>.+,59
MHG,sitzen/umbe>+,59
MHG,sitzen/wider(e)<+,59
MHG,sitzen/zuo>+,59
MHG,sitzen/în+,59
MHG,sitzen/ûf+,59
MHG,sitzen/ûf<+,59
MHG,sitzen/ûf<.+,59
MHG,sitzen/ûf>+,59
MHG,sitzen/ûf>.+,59
MHG,sitzen/ûfe+,59
MHG,umbe-sitzen,59
MHG,unter-sitzen,59
MHG,ver-sitzen,59
MHG,wider-sitzen,59
MHG,über-sitzen,59
ENHG,bestellen,60
ENHG,stellen,60
ENHG,bestimmen,61
ENHG,bestreiten,62
ENHG,streit,62
ENHG,streiten,62
MHG,be-strîten,62
MHG,er-strîten,62
MHG,er-strîten/abe>+,62
MHG,ge-strîten,62
MHG,strîten,62
MHG,strîten/ane>+,62
MHG,strîten/vor(e)+,62
MHG,wider-strîten,62
MHG,über-strîten,62
ENHG,betracht,63
ENHG,betrachten,63
ENHG,betreffen,64
ENHG,treffen,64
ENHG,übertreffen,64
MHG,ge-trëffen,64
MHG,trëffen,64
MHG,trëffen/zuo+,64
MHG,ver-trëffen,64
MHG,vür(e)-trëffen,64
MHG,vür-trëffen,64
MHG,vüre-trëffen,64
MHG,über-trëffen,64
ENHG,betrügen,65
ENHG,trügen,65
MHG,be-triègen,65
MHG,er-triègen,65
MHG,er-triègen/ane>+,65
MHG,triègen,65
MHG,triègen/abe>+,65
MHG,ver-triègen,65
ENHG,bezeugen,66
ENHG,erzeugen,66
ENHG,zeugen,66
ENHG,bezwingen,67
ENHG,zwingen,67
MHG,be-dwingen,67
MHG,be-dwingen/ane<+,67
MHG,be-twingen,67
MHG,dwingen,67
MHG,dwingen/abe>+,67
MHG,dwingen/în>+,67
MHG,ent-dwingen,67
MHG,er-dwingen,67
MHG,er-dwingen/ane>+,67
MHG,ge-dwingen,67
MHG,ge-twingen,67
MHG,twingen,67
MHG,umbe-dwingen,67
ENHG,binden,68
ENHG,entbinden,68
ENHG,verbinden,68
MHG,binden,68
MHG,ent-binden,68
MHG,ver-binden,68
ENHG,bitte,69
ENHG,bitten,69
MHG,bitten,69
ENHG,blasen,70
ENHG,einblasen,70
MHG,blâsen,70
MHG,blâsen/<.+în,70
MHG,blâsen/ane<.+,70
MHG,blâsen/in+,70
MHG,blâsen/in<.+,70
MHG,blâsen/zuo>+,70
MHG,blâsen/în<.+,70
MHG,blâsen/în>+,70
MHG,blâsen/ûz<.+,70
MHG,ent-blâsen,70
MHG,ge-blâsen,70
MHG,ver-blâsen,70
MHG,zer-blâsen,70
ENHG,bleiben,71
ENHG,verbleiben,71
ENHG,braten,72
MHG,brâten,72
ENHG,brauchen,73
ENHG,gebrauchen,73
ENHG,brennen,74
MHG,brinnen,74
MHG,brinnen/abe<+,74
MHG,brinnen/abe>+,74
MHG,brinnen/ûf>+,74
MHG,brinnen/ûz>+,74
MHG,ent-brinnen,74
MHG,er-brinnen,74
MHG,ver-brinnen,74
MHG,ver-brinnen/abe>+,74
ENHG,bringen,75
ENHG,umbringen,75
MHG,bringen,75
MHG,bringen/ane+,75
MHG,bringen/ane>+,75
MHG,bringen/ane>.+,75
MHG,bringen/gègen(e)>+,75
MHG,bringen/hin(e)+,75
MHG,bringen/hër(e)+,75
MHG,bringen/hër(e)>+,75
MHG,bringen/hër(e)>.+,75
MHG,bringen/in-inne+,75
MHG,bringen/inne<+,75
MHG,bringen/inne>+,75
MHG,bringen/innen+,75
MHG,bringen/innen<.+,75
MHG,bringen/innen>+,75
MHG,bringen/innen>.+,75
MHG,bringen/mit(e)<.+,75
MHG,bringen/nider(e)>+,75
MHG,bringen/vor(e)+,75
MHG,bringen/vor(e)<.+,75
MHG,bringen/vor(e)>+,75
MHG,bringen/vür(e)+,75
MHG,bringen/vür(e)<+,75
MHG,bringen/vür(e)<.+,75
MHG,bringen/vür(e)>+,75
MHG,bringen/vür(e)>.+,75
MHG,bringen/wider(e)+,75
MHG,bringen/wider(e)<+,75
MHG,bringen/wider(e)<.+,75
MHG,bringen/wider(e)>+,75
MHG,bringen/wider(e)>.+,75
MHG,bringen/wider>+,75
MHG,bringen/zuo+,75
MHG,bringen/zuo<+,75
MHG,bringen/zuo<.+,75
MHG,bringen/zuo>+,75
MHG,bringen/în<+,75
MHG,bringen/în<.+,75
MHG,bringen/în>+,75
MHG,bringen/ûf>+,75
MHG,bringen/ûz+,75
MHG,bringen/ûz>+,75
MHG,bringen/über(e)>+,75
MHG,ge-bringen,75
MHG,unter-bringen,75
MHG,ver-bringen,75
MHG,vol-bringen,75
MHG,voll-bringen,75
MHG,vür-bringen,75
MHG,wider-bringen,75
ENHG,denken,76
ENHG,gedenken,76
ENHG,dienen,77
ENHG,drehen,78
ENHG,dünken,79
ENHG,dürfen,80
ENHG,eignen,81
ENHG,eilen,82
ENHG,empfehlen,83
MHG,enphallen,83
ENHG,entfliehen,84
ENHG,fliehen,84
MHG,ent-vlièhen,84
MHG,ge-vlièhen,84
MHG,ver-vlièhen,84
MHG,vlièhen,84
MHG,vlièhen/vor(e)+,84
MHG,vlièhen/vor(e)<.+,84
MHG,vlièhen/vor(e)>+,84
ENHG,entgelten,85
ENHG,gelten,85
ENHG,vergelten,85
MHG,ent-gëlten,85
MHG,ge-gëlten,85
MHG,gëlten,85
MHG,gëlten/<+wider(e),85
MHG,gëlten/abe>+,85
MHG,gëlten/wider(e)>+,85
MHG,ver-gëlten,85
MHG,vol-gëlten,85
MHG,voll-gëlten,85
MHG,wider-gëlten,85
ENHG,entladen,86
ENHG,laden,86
MHG,be-laden,86
MHG,ent-laden,86
MHG,er-laden,86
MHG,ge-laden,86
MHG,laden,86
MHG,laden/abe<+,86
MHG,laden/în>+,86
MHG,laden/ûf>+,86
MHG,ver-laden,86
MHG,über-laden,86
ENHG,entrinnen,87
MHG,ent-trinnen,87
MHG,ent-trinnen/ûz>+,87
MHG,er-trinnen,87
MHG,trinnen,87
ENHG,entsetzen,88
ENHG,entspringen,89
ENHG,springen,89
MHG,ent-springen,89
MHG,ent-springen/ûf>+,89
MHG,er-springen,89
MHG,ge-springen,89
MHG,ge-springen/zuo>+,89
MHG,springen,89
MHG,springen/^ûf>+,89
MHG,springen/ane>+,89
MHG,springen/nider(e)<.+/ûf<+,89
MHG,springen/nider(e)>+/ûf>.+,89
MHG,springen/vor(e)<+,89
MHG,springen/zuo+,89
MHG,springen/zuo<.+,89
MHG,springen/zuo>+,89
MHG,springen/ûf+,89
MHG,springen/ûf<+,89
MHG,springen/ûf<.+,89
MHG,springen/ûf>+,89
MHG,springen/ûf>.+,89
MHG,springen/ûz+,89
MHG,springen/ûz<+,89
MHG,springen/ûz>+,89
MHG,ver-springen,89
MHG,zer-springen,89
MHG,über-springen,89
ENHG,erfahren,90
ENHG,fahren,90
ENHG,verfahren,90
MHG,durh-var(e)n,90
MHG,durh-varen,90
MHG,ent-var(e)n,90
MHG,ent-varen,90
MHG,er-var(e)n,90
MHG,er-varen,90
MHG,ge-var(e)n,90
MHG,ge-var(e)n/mite+,90
MHG,ge-var(e)n/umbe<+,90
MHG,ge-var(e)n/ûz>+,90
MHG,ge-varen,90
MHG,misse-var(e)n,90
MHG,misse-varen,90
MHG,umbe-var(e)n,90
MHG,umbe-varen,90
MHG,unter-var(e)n,90
MHG,unter-varen,90
MHG,var(e)n,90
MHG,var(e)n/abe<.+,90
MHG,var(e)n/ane<+,90
MHG,var(e)n/ane<.+,90
MHG,var(e)n/durch+,90
MHG,var(e)n/durh<.+,90
MHG,var(e)n/durh>+,90
MHG,var(e)n/en-gègen(e)<.+,90
MHG,var(e)n/hin(e)+,90
MHG,var(e)n/hin(e)<+,90
MHG,var(e)n/hin(e)>+,90
MHG,var(e)n/in<.+,90
MHG,var(e)n/in<.+/ûz<.+,90
MHG,var(e)n/in>+,90
MHG,var(e)n/mit(e)+,90
MHG,var(e)n/mit(e)<+,90
MHG,var(e)n/mit(e)<.+,90
MHG,var(e)n/mit(e)>+,90
MHG,var(e)n/nider(e)<.+,90
MHG,var(e)n/nider(e)>+,90
MHG,var(e)n/nâh<.+,90
MHG,var(e)n/nâh>+,90
MHG,var(e)n/nâh>+/vor(e)>.+,90
MHG,var(e)n/umbe+,90
MHG,var(e)n/umbe<+,90
MHG,var(e)n/umbe<.+,90
MHG,var(e)n/vor(e)+,90
MHG,var(e)n/vor(e)<+,90
MHG,var(e)n/vor(e)<+/nâh<.+,90
MHG,var(e)n/vor(e)<.+,90
MHG,var(e)n/vor(e)>+,90
MHG,var(e)n/vür(e)+,90
MHG,var(e)n/vür(e)<+,90
MHG,var(e)n/vür(e)<.+,90
MHG,var(e)n/vür(e)>+,90
MHG,var(e)n/wider(e)+,90
MHG,var(e)n/wider(e)<+,90
MHG,var(e)n/wider(e)<.+,90
MHG,var(e)n/wider(e)>+,90
MHG,var(e)n/zuo+,90
MHG,var(e)n/zuo<+,90
MHG,var(e)n/zuo<.+,90
MHG,var(e)n/zuo>+,90
MHG,var(e)n/zuo>.+,90
MHG,var(e)n/în+,90
MHG,var(e)n/în<+,90
MHG,var(e)n/în<.+,90
MHG,var(e)n/în>+,90
MHG,var(e)n/ûf+,90
MHG,var(e)n/ûf<+,90
MHG,var(e)n/ûf<+/nider(e)<.+,90
MHG,var(e)n/ûf<.+,90
MHG,var(e)n/ûf>+,90
MHG,var(e)n/ûf>.+,90
MHG,var(e)n/ûz+,90
MHG,var(e)n/ûz+în+,90
MHG,var(e)n/ûz<+,90
MHG,var(e)n/ûz<.+,90
MHG,var(e)n/ûz>+,90
MHG,var(e)n/ûz>.+,90
MHG,var(e)n/ûz>.+/durh>.+,90
MHG,var(e)n/über(e)>+,90
MHG,varen,90
MHG,ver-var(e)n,90
MHG,ver-varen,90
MHG,vol-var(e)n,90
MHG,vol-varen,90
MHG,voll-var(e)n,90
MHG,voll-varen,90
MHG,vollen-var(e)n,90
MHG,vollen-varen,90
MHG,vür(e)-var(e)n,90
MHG,vüre-varen,90
MHG,wider-var(e)n,90
MHG,wider-varen,90
MHG,zer-var(e)n,90
MHG,zer-varen,90
MHG,über-var(e)n,90
MHG,über-varen,90
ENHG,erheben,91
ENHG,heben,91
MHG,be-hèben,91
MHG,ent-hèben,91
MHG,ent-hèben/ûf>+,91
MHG,er-hèben,91
MHG,er-hèben/ûf+,91
MHG,er-hèben/ûf>+,91
MHG,er-hèben/ûf>.+,91
MHG,er-hèben/ûz>+,91
MHG,ge-hèben,91
MHG,ge-hèben/abe>+,91
MHG,ge-hèben/ûf+,91
MHG,ge-hèben/ûf>+,91
MHG,hèben,91
MHG,hèben/abe<.+,91
MHG,hèben/abe>+,91
MHG,hèben/ane+,91
MHG,hèben/ane<+,91
MHG,hèben/ane<.+,91
MHG,hèben/ane>+,91
MHG,hèben/ane>.+,91
MHG,hèben/nider(e)<.+,91
MHG,hèben/nider(e)>+,91
MHG,hèben/nider(e)>.+,91
MHG,hèben/zuo>+,91
MHG,hèben/ûf,91
MHG,hèben/ûf+,91
MHG,hèben/ûf<+,91
MHG,hèben/ûf<.+,91
MHG,hèben/ûf>+,91
MHG,hèben/ûf>.+,91
MHG,hèben/ûz+,91
MHG,hèben/ûz<.+,91
MHG,hèben/ûz>+,91
MHG,hèben/über(e)>+,91
MHG,hèben/über8e)>+,91
MHG,umbe-hèben,91
MHG,ver-hèben,91
MHG,über-hèben,91
ENHG,erkennen,92
ENHG,erklingen,93
ENHG,klingen,93
MHG,er-klingen,93
MHG,klingen,93
ENHG,erleiden,94
ENHG,leiden,94
MHG,be-lîden,94
MHG,ent-lîden,94
MHG,er-lîden,94
MHG,ge-lîden,94
MHG,lîden,94
MHG,lîden/ûz>+,94
MHG,ver-lîden,94
ENHG,erlöschen,95
ENHG,löschen,95
ENHG,verlöschen,95
MHG,er-lëschen,95
MHG,ge-lëschen,95
MHG,lëschen,95
MHG,ver-lëschen,95
ENHG,erscheinen,96
ENHG,scheinen,96
MHG,be-schînen,96
MHG,durh-schînen,96
MHG,ent-schînen,96
MHG,er-schînen,96
MHG,ge-schînen,96
MHG,schînen,96
MHG,schînen/ane+,96
MHG,schînen/ane<+,96
MHG,schînen/ane<.+,96
MHG,schînen/ane>.+,96
MHG,schînen/nider(e)>+,96
MHG,schînen/vor(e)>+,96
MHG,schînen/vür(e)+,96
MHG,schînen/ûz+,96
MHG,umbe-schînen,96
MHG,ver-schînen,96
MHG,über-schînen,96
ENHG,erschrecken,97
ENHG,schrecken,97
MHG,er-schrëcken,97
MHG,schrëcken,97
MHG,zer-schrëcken,97
ENHG,ertrinken,98
ENHG,trinken,98
MHG,er-trinken,98
MHG,ge-trinken,98
MHG,ge-trinken/ûz>+,98
MHG,trinken,98
MHG,trinken/ane>+,98
MHG,trinken/ûz<+,98
MHG,trinken/ûz<.+,98
MHG,ver-trinken,98
ENHG,erwachen,99
ENHG,wachen,99
MHG,er-wachen,99
MHG,wachen,99
ENHG,erwachsen,100
ENHG,wachsen,100
MHG,be-wahsen,100
MHG,durh-wahsen,100
MHG,ent-wahsen,100
MHG,er-wahsen,100
MHG,ge-wahsen,100
MHG,unter-wahsen,100
MHG,ver-wahsen,100
MHG,voll-wahsen,100
MHG,wahsen,100
MHG,wahsen/abe<+,100
MHG,wahsen/ûf<+,100
MHG,wahsen/ûf<.+/ûf<.+,100
MHG,wahsen/ûf>+,100
MHG,über-wahsen,100
MHG,über-wahsen/über(e)>+,100
ENHG,erwerben,101
ENHG,werben,101
MHG,be-wërben,101
MHG,er-wërben,101
MHG,er-wërben/ane>+,101
MHG,ge-wërben,101
MHG,ge-wërben/ûz>+,101
MHG,wërben,101
MHG,wërben/ane<+,101
ENHG,erwägen,102
ENHG,wägen,102
MHG,be-wëgen,102
MHG,er-wëgen,102
MHG,er-wëgen/ûz>+,102
MHG,er-wëgen/ûz>.+,102
MHG,ge-wëgen,102
MHG,ge-wëgen/ûf>+,102
MHG,ver-wëgen,102
MHG,wider-wëgen,102
MHG,wëgen,102
MHG,wëgen/wider(e)>+,102
MHG,wëgen/ûf>+,102
MHG,wëgen/ûz>+,102
MHG,über-wëgen,102
ENHG,essen,103
MHG,durh-ëzzen,103
MHG,ge-ëzzen,103
MHG,ur-ëzzen,103
MHG,ver-ëzzen,103
MHG,ver-ëzzen/abe>+,103
MHG,ëzzen,103
MHG,ëzzen/abe>+,103
ENHG,fehlen,104
ENHG,flechten,105
MHG,ge-vlëhten,105
MHG,vlëhten,105
ENHG,flehen,106
ENHG,fliegen,107
MHG,be-vliègen,107
MHG,ent-vliègen,107
MHG,ge-vliègen,107
MHG,ver-vliègen,107
MHG,vliègen,107
MHG,vliègen/ane<.+,107
MHG,vliègen/vor(e)<.+,107
MHG,vliègen/zuo+,107
MHG,vliègen/zuo<.+,107
MHG,vliègen/ûf<.+,107
MHG,vliègen/ûf>+,107
MHG,vliègen/ûf>.+,107
MHG,vliègen/ûz<+,107
MHG,vliègen/ûz>+,107
ENHG,fordern,108
ENHG,fressen,109
ENHG,führen,110
ENHG,gebären,111
ENHG,gedeihen,112
MHG,dîhen,112
MHG,dîhen/vür(e)>+,112
MHG,ge-dîhen,112
MHG,ver-dîhen,112
ENHG,gehaben,113
ENHG,gehören,114
ENHG,gelingen,115
MHG,ge-lingen,115
MHG,lingen,115
MHG,misse-lingen,115
ENHG,geloben,116
ENHG,loben,116
ENHG,verloben,116
ENHG,gemessen,117
ENHG,messen,117
MHG,ge-mëzzen,117
MHG,mëzzen,117
MHG,mëzzen/wider(e)>+,117
MHG,mëzzen/în>.+,117
MHG,mëzzen/ûz>+,117
MHG,umbe-mëzzen,117
MHG,ver-mëzzen,117
MHG,voll-mëzzen,117
MHG,wider-mëzzen,117
MHG,über-mëzzen,117
ENHG,genesen,118
MHG,er-nësen,118
MHG,ge-nësen,118
MHG,nësen,118
ENHG,geschehen,119
MHG,be-schëhen,119
MHG,ge-schëhen,119
MHG,ge-schëhen/ane<.+,119
MHG,ge-schëhen/zuo<.+,119
MHG,ge-schëhen[!],119
MHG,misse-schëhen,119
MHG,schëhen,119
ENHG,geschenk,120
ENHG,schenken,120
ENHG,gewinn,121
ENHG,gewinnen,121
MHG,er-winnen,121
MHG,ge-winnen,121
MHG,ge-winnen/abe>+,121
MHG,ge-winnen/ane+,121
MHG,ge-winnen/ane<+,121
MHG,ge-winnen/ane<.+,121
MHG,ge-winnen/ane>+,121
MHG,ge-winnen/ane>.+,121
MHG,ge-winnen/wider(e)+,121
MHG,ge-winnen/wider(e)<.+,121
MHG,ge-winnen/wider(e)>+,121
MHG,ge-winnen/în>+,121
MHG,ge-winnen/ûz+,121
MHG,ver-winnen,121
MHG,winnen,121
MHG,über-winnen,121
ENHG,gewähren,122
ENHG,geziemen,123
ENHG,ziemen,123
MHG,be-zëmen,123
MHG,ent-zëmen,123
MHG,ge-zëmen,123
MHG,misse-zëmen,123
MHG,wider-zëmen,123
MHG,zëmen,123
ENHG,gießen,124
MHG,be-gièzen,124
MHG,durh-gièzen,124
MHG,ent-gièzen,124
MHG,er-gièzen,124
MHG,ge-gièzen,124
MHG,gièzen,124
MHG,gièzen/abe+,124
MHG,gièzen/abe<.+,124
MHG,gièzen/ane>+,124
MHG,gièzen/inne>+,124
MHG,gièzen/nider(e)+,124
MHG,gièzen/nider(e)>+,124
MHG,gièzen/zuo>+,124
MHG,gièzen/în<.+,124
MHG,gièzen/în>+,124
MHG,gièzen/ûz<+,124
MHG,gièzen/ûz<.+,124
MHG,gièzen/ûz>+,124
MHG,gièzen/ûz>.+,124
MHG,ver-gièzen,124
MHG,voll-gièzen,124
MHG,zer-gièzen,124
MHG,über-gièzen,124
ENHG,glaube,125
ENHG,glauben,125
ENHG,gönnen,126
MHG,ge-gunnen,126
MHG,gunnen,126
MHG,gunnen/nâh>+,126
MHG,ver-gunnen,126
ENHG,habe,127
ENHG,haben,127
ENHG,hauen,128
ENHG,verhauen,128
MHG,be-houwen,128
MHG,durh-houwen,128
MHG,er-houwen,128
MHG,ge-houwen,128
MHG,ge-houwen/abe+,128
MHG,ge-houwen/nider(e)>+,128
MHG,houwen,128
MHG,houwen/abe<+,128
MHG,houwen/abe>+,128
MHG,houwen/abe>.+,128
MHG,houwen/nider(e)+,128
MHG,houwen/nider(e)>+,128
MHG,houwen/zuo>+,128
MHG,houwen/ûz+,128
MHG,houwen/ûz>+,128
MHG,unter-houwen,128
MHG,ver-houwen,128
MHG,zer-houwen,128
ENHG,heilen,129
ENHG,heischen,130
MHG,hèischen,130
MHG,hèischen/wider(e)+,130
ENHG,hindern,131
ENHG,hindernis,131
ENHG,hoffen,132
ENHG,hängen,133
MHG,be-hâhen,133
MHG,er-hâhen,133
MHG,ge-hâhen,133
MHG,hâhen,133
MHG,hâhen/ane+,133
MHG,hâhen/ane<.+,133
MHG,hâhen/ane>+,133
MHG,hâhen/nider(e)>+,133
MHG,hâhen/umbe<.+,133
MHG,hâhen/ûf+,133
MHG,hâhen/ûf<.+,133
MHG,hâhen/ûf>+,133
MHG,hâhen/ûz+,133
MHG,ver-hâhen,133
ENHG,hören,134
ENHG,kasteien,135
ENHG,kaufen,136
ENHG,verkaufen,136
ENHG,kennen,137
ENHG,kerben,138
ENHG,klimmen,139
MHG,ge-klimmen,139
MHG,klimmen,139
MHG,klimmen/ûf<.+,139
MHG,klimmen/ûf>+,139
MHG,ver-klimmen,139
ENHG,krauchen,140
ENHG,kriechen,140
MHG,krièchen,140
MHG,krièchen/ûz<.+/în<.+,140
ENHG,können,141
ENHG,leben,142
ENHG,legen,143
ENHG,niederlegen,143
ENHG,unterlegen,143
ENHG,leihen,144
ENHG,verleihen,144
MHG,ent-lîhen,144
MHG,ge-lîhen,144
MHG,lîhen,144
MHG,lîhen/wider(e)+,144
MHG,lîhen/wider(e)<.+,144
MHG,lîhen/wider(e)>+,144
MHG,lîhen/ûz>+,144
MHG,ver-lîhen,144
ENHG,lesen,145
ENHG,verlesen,145
MHG,er-lësen,145
MHG,er-lësen/ûz>+,145
MHG,ge-lësen,145
MHG,ge-lësen/vor(e)+,145
MHG,ge-lësen/ûz>+,145
MHG,lësen,145
MHG,lësen/abe+,145
MHG,lësen/vor(e)>+,145
MHG,lësen/vor(e)>.+,145
MHG,lësen/ûf+,145
MHG,lësen/ûf<+,145
MHG,lësen/ûf<.+,145
MHG,lësen/ûf>+,145
MHG,lësen/ûf>.+,145
MHG,lësen/ûz+>,145
MHG,lësen/ûz<.+,145
MHG,lësen/ûz>+,145
MHG,lësen/ûz>.+,145
MHG,über-lësen,145
ENHG,machen,146
ENHG,vermachen,146
ENHG,mahlen,147
MHG,mal(e)n,147
MHG,malen,147
MHG,zer-mal(e)n,147
MHG,zer-malen,147
ENHG,meiden,148
ENHG,vermeiden,148
MHG,ge-mîden,148
MHG,mîden,148
MHG,ver-mîden,148
ENHG,meinen,149
ENHG,missen,150
ENHG,vermissen,150
ENHG,mögen,151
ENHG,vermögen,151
MHG,mugen,151
ENHG,müssen,152
ENHG,nagen,153
MHG,be-nagen,153
MHG,ge-nagen,153
MHG,nagen,153
ENHG,nennen,154
ENHG,pfeifen,155
MHG,pfîfen,155
MHG,pfîfen/ûz+,155
ENHG,pflegen,156
MHG,ent-pflëgen,156
MHG,ge-pflëgen,156
MHG,pflëgen,156
MHG,ver-pflëgen,156
MHG,wider-pflëgen,156
ENHG,pressen,157
ENHG,quellen,158
MHG,er-quëllen,158
MHG,ge-quël(e)n,158
MHG,ge-quëlen,158
MHG,quël(e)n,158
MHG,quëlen,158
MHG,quëllen,158
MHG,ver-quël(e)n,158
MHG,ver-quëlen,158
ENHG,rechnen,159
ENHG,regieren,160
ENHG,reiben,161
ENHG,zerreiben,161
MHG,ge-rîben,161
MHG,rîben,161
MHG,rîben/în>+,161
MHG,rîben/ûz<.+,161
MHG,zer-rîben,161
ENHG,reichen,162
MHG,rîchen,162
ENHG,reiten,163
MHG,be-rîten,163
MHG,durh-rîten,163
MHG,ent-rîten,163
MHG,ent-rîten/abe>+,163
MHG,er-rîten,163
MHG,ge-rîten,163
MHG,rîten,163
MHG,rîten/abe+,163
MHG,rîten/abe>+,163
MHG,rîten/abe>+/ûf>.+,163
MHG,rîten/abe>.+,163
MHG,rîten/ane+,163
MHG,rîten/ane<+,163
MHG,rîten/ane<.+,163
MHG,rîten/ane>+,163
MHG,rîten/ane>.+,163
MHG,rîten/bî<.+,163
MHG,rîten/en-gègen(e)<.+,163
MHG,rîten/hin(e)+,163
MHG,rîten/in+,163
MHG,rîten/in<.+,163
MHG,rîten/in>+,163
MHG,rîten/mit(e)+,163
MHG,rîten/mit(e)<+,163
MHG,rîten/mit(e)<.+,163
MHG,rîten/mit(e)>+,163
MHG,rîten/nider(e)<+,163
MHG,rîten/nider(e)<.+,163
MHG,rîten/nider(e)>+,163
MHG,rîten/nider(e)>+/ûf>.+,163
MHG,rîten/nider(e)>.+,163
MHG,rîten/nâch+,163
MHG,rîten/nâh<.+,163
MHG,rîten/nâh>+,163
MHG,rîten/umbe+,163
MHG,rîten/umbe<.+,163
MHG,rîten/vor(e)>+,163
MHG,rîten/vür(e)<+,163
MHG,rîten/vür(e)>.+,163
MHG,rîten/wider(e)+,163
MHG,rîten/wider(e)<+,163
MHG,rîten/wider(e)<.+,163
MHG,rîten/wider(e)>+,163
MHG,rîten/wider(e)>.+,163
MHG,rîten/zuo+,163
MHG,rîten/zuo<+,163
MHG,rîten/zuo<.+,163
MHG,rîten/zuo>+,163
MHG,rîten/în+,163
MHG,rîten/în<+,163
MHG,rîten/în<.+,163
MHG,rîten/în>+,163
MHG,rîten/ûf+abe+,163
MHG,rîten/ûf>.+/abe>+,163
MHG,rîten/ûz+,163
MHG,rîten/ûz<.+,163
MHG,rîten/ûz>+,163
MHG,rîten/ûz>.+,163
MHG,umbe-rîten,163
MHG,ver-rîten,163
MHG,voll-rîten,163
MHG,vür(e)-rîten,163
MHG,vüre-rîten,163
MHG,wider-rîten,163
MHG,zer-rîten,163
MHG,über-rîten,163
ENHG,rennen,164
ENHG,retten,165
ENHG,riechen,166
MHG,ge-rièchen,166
MHG,rièchen,166
MHG,ver-rièchen,166
ENHG,rinnen,167
MHG,be-rinnen,167
MHG,durh-rinnen,167
MHG,ent-rinnen,167
MHG,er-rinnen,167
MHG,er-rinnen/ûf>+,167
MHG,ge-rinnen,167
MHG,rinnen,167
MHG,rinnen/abe>+,167
MHG,rinnen/ane>+,167
MHG,rinnen/in>+,167
MHG,rinnen/nider(e)<.+,167
MHG,rinnen/zuo+,167
MHG,rinnen/zuo>+,167
MHG,rinnen/ûf+,167
MHG,rinnen/ûf<+,167
MHG,rinnen/ûf>+,167
MHG,rinnen/ûfe<+,167
MHG,rinnen/ûz+,167
MHG,rinnen/ûz>+,167
MHG,ver-rinnen,167
MHG,zer-rinnen,167
MHG,über-rinnen,167
ENHG,rächen,168
MHG,be-rëchen,168
MHG,er-rëchen,168
MHG,ge-rëchen,168
MHG,rëchen,168
ENHG,sagen,169
ENHG,saugen,170
MHG,ge-sûgen,170
MHG,sûgen,170
ENHG,schaben,171
MHG,be-schaben,171
MHG,schaben,171
MHG,schaben/abe<.+,171
MHG,schaben/abe>+,171
ENHG,scheiden,172
ENHG,unterscheiden,172
ENHG,verscheiden,172
MHG,be-schèiden,172
MHG,be-schèiden/ûz+,172
MHG,be-schèiden/ûz>+,172
MHG,ent-schèiden,172
MHG,er-schèiden,172
MHG,ge-schèiden,172
MHG,ge-schèiden/ûz>+,172
MHG,ge-unter-schèiden,172
MHG,schèiden,172
MHG,schèiden/abe<+,172
MHG,schèiden/abe<.+,172
MHG,schèiden/abe>+,172
MHG,schèiden/hin(e)>+,172
MHG,schèiden/ûz+,172
MHG,schèiden/ûz<.+,172
MHG,schèiden/ûz>+,172
MHG,unter-schèiden,172
MHG,ver-schèiden,172
MHG,zer-schèiden,172
ENHG,schelten,173
MHG,be-schëlten,173
MHG,ge-schëlten,173
MHG,schëlten,173
ENHG,schicken,174
ENHG,schleichen,175
MHG,be-slîchen,175
MHG,er-slîchen,175
MHG,ge-slîchen,175
MHG,slîchen,175
MHG,slîchen/ane<+,175
MHG,slîchen/nâh<.+,175
MHG,slîchen/nâh>+,175
MHG,slîchen/umbe<+,175
MHG,slîchen/zuo<.+,175
MHG,slîchen/ûf>+,175
MHG,unter-slîchen,175
MHG,ver-slîchen,175
ENHG,schlüpfen,176
ENHG,schmecken,177
ENHG,schmieren,178
ENHG,schonen,179
ENHG,schreien,180
MHG,be-schrîen,180
MHG,er-schrîen,180
MHG,ge-schrîen,180
MHG,schrîen,180
MHG,schrîen/ane<.+,180
MHG,schrîen/ane>+,180
MHG,schrîen/zuo>+,180
MHG,schrîen/ûz>+,180
ENHG,schreiten,181
MHG,be-schrîten,181
MHG,ge-schrîten,181
MHG,ge-schrîten/nâh>+,181
MHG,ge-schrîten/ûf+,181
MHG,schrîten,181
MHG,schrîten/nider(e)>+,181
MHG,schrîten/vür(e)>+,181
MHG,schrîten/ûf>.+,181
MHG,über-schrîten,181
ENHG,schweifen,182
MHG,be-swèifen,182
MHG,swèifen,182
MHG,swèifen/ûf>.+,182
MHG,umbe-swèifen,182
MHG,ver-swèifen,182
ENHG,schweigen,183
ENHG,verschweigen,183
MHG,be-swîgen,183
MHG,ge-swîgen,183
MHG,swîgen,183
MHG,ver-swîgen,183
ENHG,schwimmen,184
MHG,ge-swimmen,184
MHG,swimmen,184
MHG,swimmen/ûz+,184
MHG,swimmen/ûz>+,184
ENHG,schwinden,185
ENHG,verschwinden,185
MHG,ge-swinten,185
MHG,swinten,185
MHG,ver-swinten,185
ENHG,schwingen,186
MHG,be-swingen,186
MHG,er-swingen,186
MHG,ge-swingen,186
MHG,ge-swingen/ane+,186
MHG,swingen,186
MHG,swingen/abe>+,186
MHG,swingen/ûf<.+,186
MHG,swingen/ûf>+,186
MHG,swingen/ûz+,186
MHG,ver-swingen,186
ENHG,seihen,187
MHG,be-sîhen,187
MHG,sîhen,187
ENHG,sein,188
ENHG,senden,189
ENHG,senken,190
ENHG,setzen,191
ENHG,sieden,192
MHG,durh-sièden,192
MHG,ge-sièden,192
MHG,ge-sièden/în>+,192
MHG,sièden,192
MHG,ver-sièden,192
ENHG,singen,193
MHG,be-singen,193
MHG,ge-singen,193
MHG,ge-singen/ûz>+,193
MHG,lobe-singen,193
MHG,salm(e)-singen,193
MHG,salme-singen,193
MHG,singen,193
MHG,singen/mit(e)>+,193
MHG,singen/nâh<+,193
MHG,singen/vor(e)>+,193
MHG,singen/ûz<.+,193
MHG,voll-singen,193
MHG,vrô-singen,193
MHG,über-singen,193
ENHG,sinken,194
ENHG,versinken,194
MHG,be-sinken,194
MHG,ent-sinken,194
MHG,er-sinken,194
MHG,ge-sinken,194
MHG,sinken,194
MHG,sinken/nider(e)+,194
MHG,sinken/nider(e)<.+,194
MHG,sinken/nider(e)>+,194
MHG,ver-sinken,194
ENHG,sollen,195
ENHG,speien,196
ENHG,spinnen,197
MHG,spinnen,197
ENHG,stehlen,198
MHG,stël(e)n,198
MHG,stël(e)n/abe>+,198
MHG,stëlen,198
MHG,ver-stël(e)n,198
MHG,ver-stël(e)n/vor(e)>+,198
MHG,ver-stëlen,198
ENHG,steigen,199
MHG,er-stîgen,199
MHG,er-stîgen/ûf+,199
MHG,ge-stîgen,199
MHG,ge-stîgen/ûf>+,199
MHG,stîgen,199
MHG,stîgen/abe<+,199
MHG,stîgen/abe>+,199
MHG,stîgen/nider(e)+,199
MHG,stîgen/nider(e)<+,199
MHG,stîgen/nider(e)<.+,199
MHG,stîgen/nider(e)>+,199
MHG,stîgen/nider(e)>+/ûf>.+,199
MHG,stîgen/zuo>+,199
MHG,stîgen/în<+,199
MHG,stîgen/ûf+,199
MHG,stîgen/ûf<+,199
MHG,stîgen/ûf<.+,199
MHG,stîgen/ûf>+,199
MHG,stîgen/ûf>.+,199
MHG,stîgen/ûz>.+,199
MHG,über-stîgen,199
ENHG,stieben,200
MHG,stièben,200
MHG,stièben/ûf+,200
MHG,stièben/ûf>+,200
MHG,stièben/ûfe>+,200
MHG,zer-stièben,200
ENHG,stinken,201
MHG,er-stinken,201
MHG,ge-stinken,201
MHG,stinken,201
MHG,stinken/ane>+,201
ENHG,strafen,202
ENHG,strebe,203
ENHG,streben,203
ENHG,streichen,204
MHG,be-strîchen,204
MHG,be-strîchen/mit(e)+,204
MHG,durh-strîchen,204
MHG,er-strîchen,204
MHG,ge-strîchen,204
MHG,ge-strîchen/abe>+,204
MHG,strîchen,204
MHG,strîchen/abe+,204
MHG,strîchen/ane<+,204
MHG,strîchen/ane<.+,204
MHG,strîchen/ane>+,204
MHG,strîchen/zuo+,204
MHG,strîchen/ûf>+,204
MHG,strîchen/ûz<+,204
MHG,umbe-strîchen,204
MHG,ver-strîchen,204
ENHG,studieren,205
ENHG,suchen,206
ENHG,versuchen,206
ENHG,säumen,207
ENHG,versäumen,207
ENHG,tanzen,208
ENHG,taugen,209
MHG,ge-tugen,209
MHG,tugen,209
ENHG,trecken,210
MHG,be-trëchen,210
MHG,trëchen,210
ENHG,triefen,211
MHG,be-trièfen,211
MHG,trièfen,211
MHG,trièfen/abe>+,211
MHG,trièfen/nider(e)>+,211
ENHG,verdammen,212
ENHG,verderben,213
ENHG,vergessen,214
MHG,er-gëzzen,214
MHG,gëzzen,214
MHG,ver-gëzzen,214
ENHG,verlieren,215
MHG,lièsen,215
MHG,misse-ver-lièsen,215
MHG,ver-lièsen,215
ENHG,verraten,216
ENHG,verzehren,217
ENHG,zehren,217
MHG,ver-zër(e)n,217
MHG,ver-zëren,217
MHG,zër(e)n,217
MHG,zëren,217
ENHG,verzeihen,218
ENHG,zeihen,218
MHG,be-zîhen,218
MHG,ent-zîhen,218
MHG,ge-zîhen,218
MHG,unter-zîhen,218
MHG,ver-zîhen,218
MHG,zîhen,218
MHG,zîhen/ane>+,218
ENHG,warten,219
ENHG,waschen,220
MHG,ge-waschen,220
MHG,waschen,220
MHG,waschen/abe+,220
MHG,waschen/abe<+,220
MHG,waschen/abe<.+,220
MHG,waschen/abe>+,220
MHG,waschen/abe>.+,220
MHG,waschen/umbe>+,220
ENHG,waten,221
MHG,durh-waten,221
MHG,ge-waten,221
MHG,waten,221
MHG,waten/ûz+,221
ENHG,werden,222
ENHG,wissen,223
MHG,ent-wîzen,223
MHG,ge-wîzen,223
MHG,ver-wîzen,223
MHG,wîzen,223
ENHG,wohnen,224
ENHG,wringen,225
ENHG,zagen,226
ENHG,üben,227
MHG,bachen,228
MHG,ge-bachen,228
MHG,backen,229
MHG,bannen,230
MHG,ver-bannen,230
MHG,be-binten,231
MHG,binten,231
MHG,binten/abe+,231
MHG,binten/abe<.+,231
MHG,binten/abe>+,231
MHG,binten/ane+,231
MHG,binten/ane<+,231
MHG,binten/ane>+,231
MHG,binten/ane>.+,231
MHG,binten/umbe+,231
MHG,binten/umbe<.+,231
MHG,binten/umbe>+,231
MHG,binten/zuo>+,231
MHG,binten/ûf+,231
MHG,binten/ûf<+,231
MHG,binten/ûf<.+,231
MHG,binten/ûf>+,231
MHG,binten/ûz>+,231
MHG,binten/über(e)+,231
MHG,ent-binten,231
MHG,er-binten,231
MHG,ge-binten,231
MHG,ge-binten/ane>+,231
MHG,ge-binten/umbe+,231
MHG,ge-binten/ûf>+,231
MHG,unter-binten,231
MHG,ver-binten,231
MHG,be-drièzen,232
MHG,drièzen,232
MHG,er-drièzen,232
MHG,ver-drièzen,232
MHG,be-durfen,233
MHG,durfen,233
MHG,ge-durfen,233
MHG,be-dwahen,234
MHG,dwahen,234
MHG,dwahen/abe>+,234
MHG,ge-dwahen,234
MHG,be-glîmen,235
MHG,glîmen,235
MHG,be-glîten,236
MHG,ent-glîten,236
MHG,glîten,236
MHG,be-hèizen,237
MHG,ent-hèizen,237
MHG,ge-hèizen,237
MHG,hèizen,237
MHG,hèizen/vor(e)>+,237
MHG,be-jëhen,238
MHG,er-jëhen,238
MHG,ge-jëhen,238
MHG,ge-jëhen/mit(e)>+,238
MHG,jëhen,238
MHG,jëhen/mit(e)<.+,238
MHG,jëhen/mite+,238
MHG,jëhen/nâh>+,238
MHG,jëhen/vor(e)>+,238
MHG,ver-jëhen,238
MHG,be-klîben,239
MHG,klîben,239
MHG,be-lîben,240
MHG,be-lîben/bî<+,240
MHG,be-lîben/bî<.+,240
MHG,be-lîben/bî>+,240
MHG,be-lîben/wider(e)+,240
MHG,be-lîben/âne>+,240
MHG,be-lîben/über(e)+,240
MHG,be-lîben/über(e)>+,240
MHG,ent-lîben,240
MHG,ge-lîben,240
MHG,lîben,240
MHG,ver-lîben,240
MHG,be-lûchen,241
MHG,ent-lûchen,241
MHG,ge-lûchen,241
MHG,lûchen,241
MHG,lûchen/zuo<.+,241
MHG,lûchen/zuo>+,241
MHG,ver-lûchen,241
MHG,zer-lûchen,241
MHG,be-nîchen,242
MHG,nîchen,242
MHG,be-rimpfen,243
MHG,rimpfen,243
MHG,rimpfen/ûf>+,243
MHG,be-ringen,244
MHG,er-ringen,244
MHG,ge-ringen,244
MHG,ringen,244
MHG,be-riuwen,245
MHG,ge-riuwen,245
MHG,riuwen,245
MHG,be-rièzen,246
MHG,rièzen,246
MHG,rièzen/ûz>.+,246
MHG,zer-rièzen,246
MHG,be-rëspen,247
MHG,rëspen,247
MHG,be-rînen,248
MHG,rînen,248
MHG,be-rîsen,249
MHG,ge-rîsen,249
MHG,rîsen,249
MHG,rîsen/abe>+,249
MHG,rîsen/ûf>+,249
MHG,rîsen/ûz<.+,249
MHG,rîsen/ûz>+,249
MHG,be-rîzen,250
MHG,rîzen,250
MHG,rîzen/abe<.+,250
MHG,rîzen/abe>+,250
MHG,rîzen/umbe>+,250
MHG,ver-rîzen,250
MHG,zer-rîzen,250
MHG,be-schinten,251
MHG,ge-schinten,251
MHG,schinten,251
MHG,schinten/abe>+,251
MHG,zer-schinten,251
MHG,be-schrôten,252
MHG,er-schrôten,252
MHG,schrôten,252
MHG,schrôten/abe+,252
MHG,schrôten/nider(e)<.+/ûf<+,252
MHG,schrôten/nider(e)>+,252
MHG,schrôten/nider(e)>+/ûf>.+,252
MHG,ver-schrôten,252
MHG,zer-schrôten,252
MHG,be-schèpfen,253
MHG,er-schèpfen,253
MHG,ge-schèpfen,253
MHG,schèpfen,253
MHG,be-schër(e)n,254
MHG,be-schëren,254
MHG,ge-schër(e)n/umbe>+,254
MHG,ge-schëren,254
MHG,schër(e)n,254
MHG,schër(e)n/abe+,254
MHG,schër(e)n/abe>+,254
MHG,schër(e)n/ûz>.+,254
MHG,schëren,254
MHG,be-schîben,255
MHG,schîben,255
MHG,schîben/nâh>+,255
MHG,schîben/ûf>+,255
MHG,be-slièzen,256
MHG,be-slièzen/umbe>+,256
MHG,be-slièzen/vor(e)+,256
MHG,be-slièzen/vor(e)<+,256
MHG,be-slièzen/vor(e)>+,256
MHG,ent-slièzen,256
MHG,ent-slièzen/ûf>+,256
MHG,slièzen,256
MHG,slièzen/zuo<.+,256
MHG,slièzen/zuo>+,256
MHG,slièzen/în>+,256
MHG,slièzen/ûf+,256
MHG,slièzen/ûf<+,256
MHG,slièzen/ûf<.+,256
MHG,slièzen/ûf>+,256
MHG,umbe-slièzen,256
MHG,ver-slièzen,256
MHG,zer-slièzen,256
MHG,în-slièzen,256
MHG,be-slîfen,257
MHG,ent-slîfen,257
MHG,ge-slîfen,257
MHG,slîfen,257
MHG,slîfen/abe>+,257
MHG,slîfen/abe>.+,257
MHG,slîfen/nider(e)>+,257
MHG,unter-slîfen,257
MHG,zer-slîfen,257
MHG,be-slîzen,258
MHG,ent-slîzen,258
MHG,slîzen,258
MHG,slîzen/abe+,258
MHG,slîzen/ûz+,258
MHG,slîzen/ûz<.+,258
MHG,ver-slîzen,258
MHG,zer-slîzen,258
MHG,be-smîzen,259
MHG,smîzen,259
MHG,be-spannen,260
MHG,ge-spannen,260
MHG,spannen,260
MHG,spannen/umbe+,260
MHG,spannen/umbe>+,260
MHG,spannen/ûf>+,260
MHG,spannen/ûz>+,260
MHG,be-spîwen,261
MHG,spîwen,261
MHG,spîwen/ane<.+,261
MHG,spîwen/ane>+,261
MHG,spîwen/ûz+,261
MHG,spîwen/ûz<+,261
MHG,spîwen/ûz<.+,261
MHG,spîwen/ûz>+,261
MHG,ver-spîwen,261
MHG,be-stëcken,262
MHG,stëcken,262
MHG,be-stôzen,263
MHG,durh-stôzen,263
MHG,er-stôzen,263
MHG,ge-stôzen,263
MHG,ge-stôzen/nider(e)>+,263
MHG,stôzen,263
MHG,stôzen/abe>.+,263
MHG,stôzen/ane<+,263
MHG,stôzen/ane<.+,263
MHG,stôzen/ane>+,263
MHG,stôzen/nider(e)+,263
MHG,stôzen/nider(e)>+,263
MHG,stôzen/wider(e)>+,263
MHG,stôzen/zuo+,263
MHG,stôzen/zuo>+,263
MHG,stôzen/în<.+,263
MHG,stôzen/în>+,263
MHG,stôzen/ûf<.+,263
MHG,stôzen/ûf>+,263
MHG,stôzen/ûz<+,263
MHG,stôzen/ûz<.+,263
MHG,stôzen/ûz>+,263
MHG,unter-stôzen,263
MHG,ver-stôzen,263
MHG,ver-stôzen/ûz>+,263
MHG,wider-stôzen,263
MHG,zer-stôzen,263
MHG,be-swîchen,264
MHG,ge-swîchen,264
MHG,swîchen,264
MHG,be-swîfen,265
MHG,swîfen,265
MHG,be-sèben,266
MHG,ent-sèben,266
MHG,sèben,266
MHG,be-sîgen,267
MHG,sîgen,267
MHG,sîgen/nider(e)>+,267
MHG,sîgen/zuo<+,267
MHG,sîgen/zuo>+,267
MHG,sîgen/ûz+,267
MHG,be-sûfen,268
MHG,sûfen,268
MHG,be-tûchen,269
MHG,tûchen,269
MHG,be-valten,270
MHG,ent-valten,270
MHG,er-valten,270
MHG,valten,270
MHG,valten/zuo>+,270
MHG,be-vlièzen,271
MHG,durh-vlièzen,271
MHG,ent-vlièzen,271
MHG,er-vlièzen,271
MHG,ge-vlièzen,271
MHG,ge-vlièzen/ûz>+,271
MHG,umbe-vlièzen,271
MHG,unter-vlièzen,271
MHG,ver-vlièzen,271
MHG,vlièzen,271
MHG,vlièzen/in>+,271
MHG,vlièzen/nider(e)+,271
MHG,vlièzen/nider(e)<+,271
MHG,vlièzen/nider(e)>+,271
MHG,vlièzen/zuo+,271
MHG,vlièzen/zuo<+,271
MHG,vlièzen/zuo>+,271
MHG,vlièzen/ûz<+,271
MHG,vlièzen/ûz<.+,271
MHG,vlièzen/ûz>+,271
MHG,vlièzen/über(e)>+,271
MHG,zer-vlièzen,271
MHG,über-vlièzen,271
MHG,be-vëlhen,272
MHG,ent-vëlhen,272
MHG,vëlhen,272
MHG,be-wallen,273
MHG,ent-wallen,273
MHG,er-wallen,273
MHG,ge-wallen,273
MHG,ver-wallen,273
MHG,wallen,273
MHG,wallen/ûf>+,273
MHG,wallen/ûz+,273
MHG,wallen/ûz>+,273
MHG,wallen/über(e)>+,273
MHG,be-winten,274
MHG,ent-winten,274
MHG,er-winten,274
MHG,er-winten/ane>+,274
MHG,umbe-winten,274
MHG,unter-winten,274
MHG,ver-winten,274
MHG,wider-winten,274
MHG,winten,274
MHG,winten/ane>+,274
MHG,winten/in>+,274
MHG,winten/în>+,274
MHG,winten/ûf+,274
MHG,winten/ûf<.+,274
MHG,winten/über(e)>+,274
MHG,über-winten,274
MHG,be-wëllen,275
MHG,ge-wëllen,275
MHG,umbe-wëllen,275
MHG,wëllen,275
MHG,biten,276
MHG,biten/ane>+,276
MHG,er-biten,276
MHG,er-biten/ane<.+,276
MHG,ge-biten,276
MHG,voll-biten,276
MHG,biuwen,277
MHG,biègen,278
MHG,biègen/nider(e)>+,278
MHG,biègen/ûf>+,278
MHG,biègen/ûz>+,278
MHG,er-biègen,278
MHG,unter-biègen,278
MHG,biètenzuo>+,279
MHG,er-biètenzuo>+,279
MHG,blanten,280
MHG,en-blanten,280
MHG,bliuwen,281
MHG,ver-bliuwen,281
MHG,zer-bliuwen,281
MHG,blîchen,282
MHG,blîchen/ane+,282
MHG,er-blîchen,282
MHG,ver-blîchen,282
MHG,über-blîchen,282
MHG,brimmen,283
MHG,briuwen,284
MHG,brèngen,285
MHG,brèngen/wider(e)>+,285
MHG,brèngen/în>+,285
MHG,brëhen,286
MHG,brëhen/nider(e)>+,286
MHG,brëmen,287
MHG,brëtten,288
MHG,brîden,289
MHG,unter-brîden,289
MHG,brîsen,290
MHG,brîten,291
MHG,bunnen,292
MHG,en-bunnen,292
MHG,ent-bunnen,292
MHG,er-bunnen,292
MHG,ver-bunnen,292
MHG,bâgen,293
MHG,ge-bâgen,293
MHG,bëlgen,294
MHG,er-bëlgen,294
MHG,ver-bëlgen,294
MHG,bër(e)n,295
MHG,bër(e)n/ane>+,295
MHG,bër(e)n/în>+,295
MHG,bëren,295
MHG,ent-bër(e)n,295
MHG,ent-bëren,295
MHG,er-bër(e)n,295
MHG,er-bëren,295
MHG,ge-bër(e)n,295
MHG,ge-bër(e)n/ane+,295
MHG,ge-bër(e)n/ane<+,295
MHG,ge-bër(e)n/ane>+,295
MHG,ge-bër(e)n/wider(e)>+,295
MHG,ge-bëren,295
MHG,ver-bër(e)n,295
MHG,ver-bëren,295
MHG,wider-bër(e)n,295
MHG,wider-bëren,295
MHG,bîten,296
MHG,en-bîten,296
MHG,ent-bîten,296
MHG,er-bîten,296
MHG,ge-bîten,296
MHG,bîzen,297
MHG,bîzen/abe<.+,297
MHG,bîzen/abe>+,297
MHG,bîzen/ane>+,297
MHG,durh-bîzen,297
MHG,en-bîzen,297
MHG,er-bîzen,297
MHG,ge-bîzen,297
MHG,in-bîzen,297
MHG,ver-bîzen,297
MHG,zer-bîzen,297
MHG,bôzen,298
MHG,bûwen,299
MHG,bûwen/ane>+,299
MHG,bûwen/in>+,299
MHG,bûwen/inne>+,299
MHG,bûwen/wider(e)>+,299
MHG,bûwen/în>+,299
MHG,durh-bûwen,299
MHG,er-bûwen,299
MHG,ge-bûwen,299
MHG,ver-bûwen,299
MHG,über-bûwen,299
MHG,dingen,300
MHG,unter-dingen,300
MHG,dinsen,301
MHG,dièzen,302
MHG,dièzen/ûz+,302
MHG,dièzen/ûz>+,302
MHG,er-dièzen,302
MHG,ver-dièzen,302
MHG,drinten,303
MHG,zer-drinten,303
MHG,drouwen,304
MHG,drëschen,305
MHG,er-drëschen,305
MHG,über-drëschen,305
MHG,drôen,306
MHG,durh-schièzen,307
MHG,er-schièzen,307
MHG,ge-schièzen,307
MHG,schièzen,307
MHG,schièzen/ane<.+,307
MHG,schièzen/durh<.+,307
MHG,schièzen/nider(e)+,307
MHG,schièzen/vür(e)<.+,307
MHG,ver-schièzen,307
MHG,über-schièzen,307
MHG,durh-schëllen,308
MHG,er-schëllen,308
MHG,er-schëllen/ûz+,308
MHG,schëllen,308
MHG,schëllen/wider(e)+,308
MHG,schëllen/ûz+,308
MHG,schëllen/ûz<+,308
MHG,zer-schëllen,308
MHG,über-schëllen,308
MHG,dwër(e)n,309
MHG,dwëren,309
MHG,dërben,310
MHG,ver-dërben,310
MHG,enphâhen,311
MHG,ent-kunnen,312
MHG,kunnen,312
MHG,ver-kunnen,312
MHG,ent-lîmen,313
MHG,lîmen,313
MHG,ent-quëden,314
MHG,quëden,314
MHG,quëden/zuo<.+,314
MHG,quëden/zuo>+,314
MHG,ent-spanen,315
MHG,ge-spanen,315
MHG,spanen,315
MHG,ver-spanen,315
MHG,ent-sprièzen,316
MHG,sprièzen,316
MHG,ent-swëllen,317
MHG,ge-swëllen,317
MHG,swëllen,317
MHG,ver-swëllen,317
MHG,zer-swëllen,317
MHG,ent-swër(e)n,318
MHG,ent-swëren,318
MHG,er-swër(e)n,318
MHG,er-swëren,318
MHG,ge-swër(e)n,318
MHG,ge-swër(e)n/ûz>+,318
MHG,ge-swëren,318
MHG,swër(e)n,318
MHG,swëren,318
MHG,ent-trâten,319
MHG,trâten,319
MHG,ent-wahen,320
MHG,ge-wahen,320
MHG,wahen,320
MHG,ent-walten,321
MHG,er-walten,321
MHG,ge-walten,321
MHG,ver-walten,321
MHG,walten,321
MHG,ent-wërden,322
MHG,er-wërden,322
MHG,ge-wërden,322
MHG,ver-wërden,322
MHG,wërden,322
MHG,über-wërden,322
MHG,ent-wërren,323
MHG,ge-wërren,323
MHG,unter-wërren,323
MHG,ver-wërren,323
MHG,wërren,323
MHG,zer-wërren,323
MHG,ent-wësen,324
MHG,ge-wësen,324
MHG,ver-wësen,324
MHG,wësen,324
MHG,ent-zinden,325
MHG,zinden,325
MHG,er-hël(e)n,326
MHG,er-hëlen,326
MHG,ge-hël(e)n,326
MHG,ge-hëlen,326
MHG,hël(e)n,326
MHG,hëlen,326
MHG,ver-hël(e)n,326
MHG,ver-hëlen,326
MHG,er-hëllen,327
MHG,ge-hëllen,327
MHG,ge-hëllen/zuo+,327
MHG,hëllen,327
MHG,hëllen/mit(e)>+,327
MHG,misse-hëllen,327
MHG,zer-hëllen,327
MHG,èin-hëllen,327
MHG,er-jëten,328
MHG,jëten,328
MHG,jëten/ûz>+,328
MHG,er-kièsen,329
MHG,er-kièsen/ûz+,329
MHG,er-kièsen/ûz>+,329
MHG,ge-kièsen,329
MHG,kièsen,329
MHG,kièsen/ane<+,329
MHG,kièsen/ûz<+,329
MHG,kièsen/ûz>+,329
MHG,ver-kièsen,329
MHG,wider-kièsen,329
MHG,er-krimmen,330
MHG,krimmen,330
MHG,zer-krimmen,330
MHG,er-krîgen,331
MHG,krîgen,331
MHG,er-kîmen,332
MHG,kîmen,332
MHG,er-kînen,333
MHG,kînen,333
MHG,zuo-kînen,333
MHG,er-laffen,334
MHG,laffen,334
MHG,er-lièzen,335
MHG,lièzen,335
MHG,ver-lièzen,335
MHG,er-nièsen,336
MHG,nièsen,336
MHG,er-rèiten,337
MHG,rèiten,337
MHG,er-schièben,338
MHG,ge-schièben,338
MHG,schièben,338
MHG,schièben/nider(e)+,338
MHG,schièben/nider(e)>+,338
MHG,schièben/ûf+,338
MHG,schièben/ûf<+,338
MHG,schièben/ûf>+,338
MHG,unter-schièben,338
MHG,ver-schièben,338
MHG,er-slingen,339
MHG,slingen,339
MHG,er-slinten,340
MHG,slinten,340
MHG,ver-slinten,340
MHG,er-twël(e)n,341
MHG,er-twëlen,341
MHG,twëlen,341
MHG,ver-twël(e)n,341
MHG,ver-twëlen,341
MHG,er-vrièsen,342
MHG,ge-vrièsen,342
MHG,vrièsen,342
MHG,über-vrièsen,342
MHG,er-wërgen,343
MHG,wërgen,343
MHG,er-wîhen,344
MHG,wîhen,344
MHG,esse,345
MHG,est,346
MHG,ge-halsen,347
MHG,halsen,347
MHG,umbe-halsen,347
MHG,ge-halten pV,348
MHG,halten pV,348
MHG,ge-kiuwen,349
MHG,kiuwen,349
MHG,ge-lîchen,350
MHG,lîchen,350
MHG,ver-lîchen,350
MHG,ge-mügen,351
MHG,mügen,351
MHG,ver-mügen,351
MHG,über-mügen,351
MHG,ge-nièzen,352
MHG,nièzen,352
MHG,ge-nîden,353
MHG,nîden,353
MHG,nîden/ane>+,353
MHG,ver-nîden,353
MHG,ge-nîgen,354
MHG,ge-nîgen/wider(e)>+,354
MHG,nîgen,354
MHG,nîgen/nider(e)>+,354
MHG,ge-rîden,355
MHG,rîden,355
MHG,rîden/umbe<.+,355
MHG,rîden/wider(e)>+,355
MHG,ver-rîden,355
MHG,ge-schalten,356
MHG,schalten,356
MHG,schalten/vür(e)+,356
MHG,schalten/ûf>+,356
MHG,schalten/ûf>.+,356
MHG,schalten/ûz+,356
MHG,ver-schalten,356
MHG,ge-slièfen,357
MHG,slièfen,357
MHG,slièfen/în>+,357
MHG,unter-slièfen,357
MHG,ge-spalten,358
MHG,spalten,358
MHG,zer-spalten,358
MHG,ge-stëmen,359
MHG,stëmen,359
MHG,ge-sîn,360
MHG,sîn,360
MHG,unter-sîn,360
MHG,ge-vlîzen,361
MHG,ver-vlîzen,361
MHG,vlîzen,361
MHG,ge-vrèischen,362
MHG,vrèischen,362
MHG,ge-wigen,363
MHG,wigen,363
MHG,ge-wizzen,364
MHG,ver-wizzen,364
MHG,wizzen,364
MHG,wizzen/vor(e)>+,364
MHG,ge-wèhenen,365
MHG,wèhenen,365
MHG,ge-wèllen,366
MHG,wèllen,366
MHG,über-wèllen,366
MHG,ge-wëben,367
MHG,unter-wëben,367
MHG,ver-wëben,367
MHG,wëben,367
MHG,ge-wëten,368
MHG,wëten,368
MHG,ge-zèisen,369
MHG,zèisen,369
MHG,glimmen,370
MHG,glîzen,371
MHG,ver-glîzen,371
MHG,grimmen,372
MHG,grinnen,373
MHG,grëllen,374
MHG,grînen,375
MHG,grînen/ane+,375
MHG,grînen/ane<.+,375
MHG,gëllen,376
MHG,gër(e)n,377
MHG,gëren,377
MHG,gîgen,378
MHG,ver-gîgen,378
MHG,hinken,379
MHG,hinken/ûz+,379
MHG,hèben\ane.<+,380
MHG,jësen,381
MHG,klimpfen,382
MHG,klièben,383
MHG,klièben/abe>+,383
MHG,zer-klièben,383
MHG,knëten,384
MHG,komen\ane>+,385
MHG,krimpfen,386
MHG,krësen,387
MHG,krîschen,388
MHG,krîsten,389
MHG,krûfen,390
MHG,ligen[!],391
MHG,limmen,392
MHG,limpfen,393
MHG,læzen,394
MHG,mèizen,395
MHG,mèizen/nider(e)>+,395
MHG,mèngen,396
MHG,mëchen,397
MHG,ver-mëchen,397
MHG,mëlchen,398
MHG,niuwen,399
MHG,zer-niuwen,399
MHG,nëhen,400
MHG,pfâhen,401
MHG,phlëgen,402
MHG,rièten,403
MHG,rëben,404
MHG,rëden,405
MHG,rëgen,406
MHG,rîhen,407
MHG,rîhen/ane>+,407
MHG,rûchen,408
MHG,sachen,409
MHG,salzen,410
MHG,ver-salzen,410
MHG,în-salzen,410
MHG,schrinten,411
MHG,schël(e)n,412
MHG,schëlen,412
MHG,schëmen,413
MHG,schërren,414
MHG,schërren/zuo+,414
MHG,schërren/zuo<+,414
MHG,schërren/zuo>+,414
MHG,schërzen,415
MHG,schîten,416
MHG,schîten/umbe+,416
MHG,zer-schîten,416
MHG,schîzen,417
MHG,slièchen,418
MHG,slièchen/nâh>.+,418
MHG,slâhen,419
MHG,slâhen/abe>+,419
MHG,smiègen,420
MHG,ver-smiègen,420
MHG,smëlzen,421
MHG,ver-smëlzen,421
MHG,zer-smëlzen,421
MHG,smërzen,422
MHG,ver-smërzen,422
MHG,snûden,423
MHG,solen,424
MHG,ver-sol(e)n,424
MHG,ver-solen,424
MHG,spièten,425
MHG,ver-spièten,425
MHG,splîzen,426
MHG,sprîten,427
MHG,sprîten/nider(e)>+,427
MHG,sprîzen,428
MHG,spuon,429
MHG,spëhen,430
MHG,spërren,431
MHG,spërren/zuo<.+,431
MHG,spërren/zuo>+,431
MHG,spërren/ûf>+,431
MHG,stièzen,432
MHG,strièzen,433
MHG,stërzen,434
MHG,stërzen/ûf>+,434
MHG,swëlhen,435
MHG,ver-swëlhen,435
MHG,swînen,436
MHG,ver-swînen,436
MHG,swîzen,437
MHG,sëlken,438
MHG,sërten,439
MHG,triuwen,440
MHG,tuon[!],441
MHG,turren,442
MHG,ver-turren,442
MHG,tîchen,443
MHG,valzen,444
MHG,ver-walken,445
MHG,walken,445
MHG,ver-wâzen,446
MHG,wâzen,446
MHG,ver-èischen,447
MHG,èischen,447
MHG,èischen/vür(e)+,447
MHG,èischen/wider(e)<.+,447
MHG,walzen,448
MHG,walzen/abe>+,448
MHG,walzen/umbe+,448
MHG,walzen/umbe<+,448
MHG,walzen/umbe<.+,448
MHG,winken,449
MHG,wuofen,450
MHG,wèiden,451
MHG,wèschen,452
MHG,wëlgen,453
MHG,wîgen,454
MHG,èr(e)n,455
MHG,èr(e)n/abe+,455
MHG,èren,455
