lemma_id,lemma,in_model,decision_needed_vowel,decision_needed_coda,surface_variants,dwds_headword,anchor_vowel_pres,anchor_vowel_pastsg,anchor_vowel_pastpl,anchor_coda_pastsg,anchor_coda_pastpl,late_vowel_sg,late_vowel_pl,late_vowel_unmatched,late_coda_sg,late_coda_pl,late_coda_unmatched,proposed_vowel_past_winner,proposed_vowel_note,proposed_coda_past_winner,proposed_coda_note,nhg_preterite,proposed_winner_reference,confidence,reference_note,vowel_past_winner,coda_past_winner,curator_note
49,bergen,yes,yes,no,bergen | bërgen | ge-bërgen | verbergen | ver-bërgen | ver-bërgen/vor(e)>+,bergen,CG:e UG:e,CG:a UG:a,CG:u UG:u,CG:rc UG:rc,CG:rg UG:rg,0,0,0,0,0,0,unresolved,fewer than 3 classified tokens,unresolved,fewer than 3 classified tokens,barg,pastsg,high,Class III a/u levels to the singular vowel,,,
72,brinnen,yes,yes,no,brinnen | brennen | er-brinnen | ver-brinnen | ent-brinnen | brinnen/ûf>+,,CG:i UG:i,CG:a UG:a,CG:u UG:u,CG: UG:,CG:n UG:n,0,0,0,0,0,0,unresolved,fewer than 3 classified tokens,unresolved,fewer than 3 classified tokens,brannte,,low,The verb is weak in NHG. It has no strong preterite. Policy needed.,,,
30,dringen,yes,yes,no,dringen | er-dringen | ge-dringen | aufdringen | dringen/ûz>+ | dringen/în>+,dringen,CG:- UG:i,CG:a UG:a,CG:u UG:u,CG:nk UG:nk,CG:ng UG:ng,0,0,0,0,0,0,unresolved,fewer than 3 classified tokens,unresolved,fewer than 3 classified tokens,drang,pastsg,high,Class III a/u levels to the singular vowel,,,
106,fliegen,yes,yes,no,fliegen | vliègen | be-vliègen | ge-vliègen | ver-vliègen | ent-vliègen,fliegen,CG:ie UG:ie,CG:ou UG:ou,CG:u UG:u,CG:c UG:c,CG:g UG:g,0,0,0,0,0,0,unresolved,fewer than 3 classified tokens,unresolved,fewer than 3 classified tokens,flog,pastsg,medium,NHG o. Anchors are ou/u so please confirm the ou reading.,,,
83,fliehen,yes,yes,no,fliehen | vlièhen | entfliehen | ge-vlièhen | ent-vlièhen | vlièhen/vor(e)+,fliehen,CG:ie UG:ie,CG:o UG:o,CG:u UG:u,CG:χ UG:χ,CG:h UG:h,0,0,0,0,0,0,unresolved,fewer than 3 classified tokens,unresolved,fewer than 3 classified tokens,floh,pastsg,high,Class II o/u levels to the singular vowel,,,
18,gebot,yes,yes,no,gebot | bieten | bièten | erbieten | anbieten | gebieten,bieten,CG:ie UG:ie,CG:o UG:o,CG:u UG:u,CG:t UG:t,CG:t UG:t,5,0,2,0,0,7,pastsg,corpus majority 5 vs 0,unresolved,fewer than 3 classified tokens,gebot,pastsg,high,Class II o/u levels to the singular vowel,,,
84,gelten,yes,yes,no,gelten | gëlten | vergelten | entgelten | ver-gëlten | ent-gëlten,gelten,CG:e UG:e,CG:a UG:a,CG:u UG:u,CG:l UG:l,CG:l UG:l,1,1,0,0,0,2,unresolved,fewer than 3 classified tokens,unresolved,fewer than 3 classified tokens,galt,pastsg,high,Class III a/u levels to the singular vowel,,,
117,genesen,yes,no,yes,genesen | er-nësen | ge-nësen,genesen,CG:e UG:e,CG:a UG:a,CG:a UG:a,CG:s UG:s,CG:r UG:r,0,0,3,3,0,0,unresolved,fewer than 3 classified tokens,pastsg,corpus majority 3 vs 0,,,,,,,
123,gièzen,yes,yes,no,gièzen | gießen | be-gièzen | ge-gièzen | er-gièzen | ver-gièzen,,CG:ie UG:ie,CG:o UG:o,CG:u UG:u,CG:z UG:z,CG:z UG:z,0,0,0,0,0,0,unresolved,fewer than 3 classified tokens,unresolved,fewer than 3 classified tokens,goss,pastsg,high,Class II o/u levels to the singular vowel,,,
127,houwen,yes,yes,no,houwen | verhauen | be-houwen | ge-houwen | er-houwen | zer-houwen,,CG:ou UG:ou,CG:iu UG:ie,CG:ie UG:ie,CG: UG:w,CG:w UG:w,0,0,0,0,0,0,unresolved,fewer than 3 classified tokens,unresolved,fewer than 3 classified tokens,hieb,,low,NHG hieb. Anchors iu/ie. Please confirm.,,,
2,hëlfen,yes,yes,no,hëlfen | helfen | abhelfen | ge-hëlfen | be-hëlfen | hëlfen/ûf<+,,CG:e UG:e,CG:a UG:a,CG:u UG:u,CG:lf UG:lf,CG:lf UG:lf,0,0,0,0,0,0,unresolved,fewer than 3 classified tokens,unresolved,fewer than 3 classified tokens,half,pastsg,high,Class III a/u levels to the singular vowel,,,
92,klingen,yes,yes,no,klingen | erklingen | er-klingen,klingen,CG:- UG:i,CG:a UG:a,CG:u UG:u,CG:nk UG:nk,CG:ng UG:ng,0,0,0,0,0,0,unresolved,fewer than 3 classified tokens,unresolved,fewer than 3 classified tokens,klang,pastsg,high,Class III a/u levels to the singular vowel,,,
139,krièchen,yes,yes,no,krièchen | kriechen | krauchen | krièchen/ûz<.+/în<.+,,CG:ie UG:-,CG:ou UG:ou,CG:u UG:u,CG:χ UG:χ,CG:χ UG:χ,0,0,0,0,0,0,unresolved,fewer than 3 classified tokens,unresolved,fewer than 3 classified tokens,kroch,pastsg,medium,NHG o. Anchors are ou/u so please confirm the ou reading.,,,
93,lîden,yes,yes,no,lîden | leiden | ge-lîden | erleiden | be-lîden | er-lîden,,CG:i UG:i,CG:ei UG:ei,CG:i UG:i,CG:t UG:t,CG:t UG:t,0,0,1,0,0,1,unresolved,fewer than 3 classified tokens,unresolved,fewer than 3 classified tokens,litt,pastpl,high,Class I ei/i levels to the plural vowel,,,
143,lîhen,yes,yes,no,lîhen | leihen | ge-lîhen | ent-lîhen | verleihen | ver-lîhen,,CG:i UG:i,CG:u UG:e,CG:- UG:i,CG:w UG:χ,CG:- UG:h,0,0,1,0,0,1,unresolved,fewer than 3 classified tokens,unresolved,fewer than 3 classified tokens,lieh,pastpl,high,Class I e/i levels to the plural vowel,,,
25,lügen,yes,yes,no,lügen | liègen | liegen | belügen | anliegen | erliegen,lügen,CG:ie UG:ie,CG:- UG:ou,CG:u UG:u,CG:- UG:c,CG:g UG:g,0,0,6,0,0,6,unresolved,fewer than 3 classified tokens,unresolved,fewer than 3 classified tokens,lag,,low,NHG lag. The ou/u anchors match neither vowel. Yours.,,,
147,mîden,yes,yes,no,mîden | ver-mîden | vermeiden,,CG:i UG:i,CG:ei UG:ei,CG:- UG:i,CG:t UG:t,CG:- UG:t,0,0,0,0,0,0,unresolved,fewer than 3 classified tokens,unresolved,fewer than 3 classified tokens,mied,pastpl,high,Class I ei/i levels to the plural vowel,,,
243,ringen,yes,yes,no,ringen | be-ringen | er-ringen,,CG:i UG:i,CG:a UG:a,CG:u UG:u,CG:nk UG:ng,CG:ng UG:ng,0,0,0,0,0,0,unresolved,fewer than 3 classified tokens,unresolved,fewer than 3 classified tokens,rang,pastsg,high,Class III a/u levels to the singular vowel,,,
166,rinnen,yes,yes,no,rinnen | er-rinnen | ge-rinnen | be-rinnen | zer-rinnen | ent-rinnen,rinnen,CG:i UG:i,CG:a UG:a,CG:u UG:u,CG: UG:,CG:n UG:n,4,0,0,4,0,0,pastsg,corpus majority 4 vs 0,pastsg,corpus majority 4 vs 0,rann,pastsg,high,Class III a/u levels to the singular vowel,,,
179,schrîen,yes,yes,no,schrîen | schreien | er-schrîen | ge-schrîen | be-schrîen | schrîen/ûz>+,,CG:ie UG:ie,CG:ei UG:ei,CG:u UG:-,CG: UG:,CG:w UG:-,1,0,2,1,0,2,unresolved,fewer than 3 classified tokens,unresolved,fewer than 3 classified tokens,schrie,,low,The ei/u anchors look wrong for this verb. Yours.,,,
171,schèiden,yes,no,yes,schèiden | scheiden | er-schèiden | verscheiden | be-schèiden | ge-schèiden,,CG:ei UG:ei,CG:ie UG:ie,CG:ie UG:ie,CG:t UG:t,CG:d UG:d,0,0,0,0,0,0,unresolved,fewer than 3 classified tokens,unresolved,fewer than 3 classified tokens,,,,,,,
172,schëlten,yes,yes,no,schëlten | schelten | ge-schëlten | be-schëlten,,CG:e UG:e,CG:a UG:a,CG:- UG:u,CG:l UG:l,CG:- UG:l,0,0,0,0,0,0,unresolved,fewer than 3 classified tokens,unresolved,fewer than 3 classified tokens,schalt,pastsg,high,Class III a/u levels to the singular vowel,,,
95,schînen,yes,yes,no,schînen | scheinen | erscheinen | ge-schînen | be-schînen | er-schînen,,CG:i UG:i,CG:ei UG:ei,CG:i UG:i,CG: UG:,CG: UG:,5,0,0,0,0,5,pastsg,corpus majority 5 vs 0,unresolved,fewer than 3 classified tokens,schien,pastpl,high,Class I ei/i levels to the plural vowel,,,
192,singen,yes,yes,no,singen | ge-singen | be-singen | voll-singen | über-singen | singen/ûz<.+,singen,CG:i UG:i,CG:a UG:a,CG:u UG:u,CG:nk UG:nk,CG:ng UG:ng,0,2,0,0,0,2,unresolved,fewer than 3 classified tokens,unresolved,fewer than 3 classified tokens,sang,pastsg,high,Class III a/u levels to the singular vowel,,,
56,sinnen,yes,yes,no,sinnen | besinnen | ge-sinnen | be-sinnen | er-sinnen | ver-sinnen,,CG:i UG:i,CG:a UG:a,CG:- UG:u,CG: UG:,CG:- UG:n,0,0,0,0,0,0,unresolved,fewer than 3 classified tokens,unresolved,fewer than 3 classified tokens,sann,pastsg,high,Class III a/u levels to the singular vowel,,,
8,snîden,yes,yes,no,snîden | be-snîden | ge-snîden | schneiden | snîden/ûz+ | ver-snîden,,CG:i UG:i,CG:ei UG:ei,CG:i UG:i,CG:t UG:t,CG:t UG:t,0,0,0,0,0,0,unresolved,fewer than 3 classified tokens,unresolved,fewer than 3 classified tokens,schnitt,pastpl,high,Class I ei/i levels to the plural vowel,,,
88,springen,yes,yes,no,springen | entspringen | ge-springen | er-springen | springen/ûz+ | zer-springen,springen,CG:i UG:i,CG:a UG:a,CG:u UG:u,CG:nk UG:nk,CG:ng UG:ng,0,0,0,0,0,0,unresolved,fewer than 3 classified tokens,unresolved,fewer than 3 classified tokens,sprang,pastsg,high,Class III a/u levels to the singular vowel,,,
10,sterben,yes,yes,no,sterben | stërben | absterben | ersterben | er-stërben | ge-stërben,sterben,CG:e UG:e,CG:a UG:a,CG:u UG:u,CG:rb UG:rp,CG:rb UG:rb,156,0,0,0,0,156,pastsg,corpus majority 156 vs 0,unresolved,fewer than 3 classified tokens,starb,pastsg,high,Class III a/u levels to the singular vowel,,,
200,stinken,yes,yes,no,stinken | ge-stinken | er-stinken,stinken,UG:i,UG:a,UG:u,UG:nk,UG:nk,0,0,0,0,0,0,unresolved,fewer than 3 classified tokens,unresolved,fewer than 3 classified tokens,stank,pastsg,high,Class III a/u levels to the singular vowel,,,
199,stièben,yes,yes,no,stièben | stieben | zer-stièben | stièben/ûf+ | stièben/ûf>+ | stièben/ûfe>+,,CG:ie UG:ie,CG:ou UG:ou,CG:u UG:u,CG:p UG:p,CG:b UG:b,0,0,0,0,0,0,unresolved,fewer than 3 classified tokens,unresolved,fewer than 3 classified tokens,stob,pastsg,medium,NHG o. Anchors are ou/u so please confirm the ou reading.,,,
60,streit,yes,yes,no,streit | strîten | streiten | er-strîten | ge-strîten | bestreiten,streiten,CG:i UG:i,CG:ei UG:ei,CG:i UG:i,CG:t UG:t,CG:t UG:t,1,0,0,0,0,1,unresolved,fewer than 3 classified tokens,unresolved,fewer than 3 classified tokens,stritt,pastpl,high,Class I ei/i levels to the plural vowel,,,
203,strîchen,yes,yes,no,strîchen | streichen | be-strîchen | ge-strîchen | umbe-strîchen | strîchen/ûz<+,,CG:i UG:i,CG:ei UG:ei,CG:i UG:i,CG:χ UG:χ,CG:χ UG:χ,1,0,0,0,0,1,unresolved,fewer than 3 classified tokens,unresolved,fewer than 3 classified tokens,strich,pastpl,high,Class I ei/i levels to the plural vowel,,,
183,swimmen,yes,yes,no,swimmen | schwimmen | ge-swimmen | swimmen/ûz+ | swimmen/ûz>+,,CG:i UG:i,CG:- UG:a,CG:- UG:u,CG:- UG:m,CG:- UG:m,0,0,1,0,0,1,unresolved,fewer than 3 classified tokens,unresolved,fewer than 3 classified tokens,schwamm,pastsg,high,Class III a/u levels to the singular vowel,,,
184,swinten,yes,yes,no,swinten | schwinden | ge-swinten | ver-swinten | verschwinden,,CG:i UG:i,CG:a UG:a,CG:- UG:u,CG:n UG:n,CG:- UG:n,0,0,0,0,0,0,unresolved,fewer than 3 classified tokens,unresolved,fewer than 3 classified tokens,schwand,pastsg,high,Class III a/u levels to the singular vowel,,,
97,trinken,yes,yes,no,trinken | ertrinken | er-trinken | ge-trinken | ver-trinken | trinken/ûz<+,trinken,CG:i UG:i,CG:a UG:a,CG:u UG:u,CG:nk UG:nk,CG:nk UG:nk,0,0,0,0,0,0,unresolved,fewer than 3 classified tokens,unresolved,fewer than 3 classified tokens,trank,pastsg,high,Class III a/u levels to the singular vowel,,,
86,trinnen,yes,yes,no,trinnen | entrinnen | ent-trinnen | ent-trinnen/ûz>+,,CG:i UG:i,CG:a UG:a,CG:- UG:u,CG: UG:,CG:- UG:n,1,0,0,1,0,0,unresolved,fewer than 3 classified tokens,unresolved,fewer than 3 classified tokens,entrann,pastsg,high,Class III a/u levels to the singular vowel,,,
65,twingen,yes,yes,no,twingen | dwingen | zwingen | bezwingen | ge-dwingen | er-dwingen,,CG:i UG:i,CG:a UG:a,CG:u UG:u,CG:nk UG:nk,CG:ng UG:ng,0,0,0,0,0,0,unresolved,fewer than 3 classified tokens,unresolved,fewer than 3 classified tokens,zwang,pastsg,high,Class III a/u levels to the singular vowel,,,
214,verlieren,yes,yes,yes,verlieren | ver-lièsen,verlieren,CG:ie UG:ie,CG:o UG:o,CG:u UG:u,CG:s UG:s,CG:r UG:r,0,0,0,0,0,0,unresolved,fewer than 3 classified tokens,unresolved,fewer than 3 classified tokens,verlor,pastsg,high,Class II vowel goes to the singular. The coda goes the other way.,,,
38,vinden,yes,yes,no,vinden | finden | befinden | erfinden | empfinden | be-vinden,,CG:i UG:i,CG:a UG:a,CG:u UG:u,CG:n UG:n,CG:n UG:n,2,12,0,0,0,14,pastpl,corpus majority 2 vs 12,unresolved,fewer than 3 classified tokens,fand,pastsg,high,Class III: MHG bant/bunden levels to NHG band/banden,,,
20,vëhten,yes,yes,no,vëhten | fechten | er-vëhten | anfechten | ge-vëhten | ver-vëhten,,CG:e UG:e,CG:a UG:a,CG:u UG:a,CG:h UG:h,CG:h UG:h,0,2,76,0,0,78,unresolved,fewer than 3 classified tokens,unresolved,fewer than 3 classified tokens,focht,,low,NHG o comes from the participle. It matches neither a nor u. Yours.,,,
16,werfen,yes,yes,no,werfen | wërfen | anwerfen | abwerfen | er-wërfen | aufwerfen,werfen,CG:i UG:e,CG:a UG:a,CG:u UG:u,CG:rf UG:rf,CG:rf UG:rf,0,1,0,0,0,1,unresolved,fewer than 3 classified tokens,unresolved,fewer than 3 classified tokens,warf,pastsg,high,Class III a/u levels to the singular vowel,,,
120,winnen,yes,yes,no,winnen | gewinn | gewinnen | er-winnen | ge-winnen | ver-winnen,,CG:i UG:i,CG:a UG:a,CG:u UG:u,CG: UG:,CG:n UG:n,1,0,0,1,0,0,unresolved,fewer than 3 classified tokens,unresolved,fewer than 3 classified tokens,gewann,pastsg,high,Class III a/u levels to the singular vowel,,,
100,wërben,yes,yes,no,wërben | werben | erwerben | er-wërben | ge-wërben | wërben/ane<+,,CG:e UG:e,CG:a UG:a,CG:u UG:u,CG:rp UG:rp,CG:rb UG:rb,0,0,0,0,0,0,unresolved,fewer than 3 classified tokens,unresolved,fewer than 3 classified tokens,warb,pastsg,high,Class III a/u levels to the singular vowel,,,
17,zîhen,yes,yes,yes,zîhen | zeihen | ziehen | ge-zîhen | be-zîhen | anzeigen,,CG:i UG:i,CG:e UG:e,CG:- UG:i,CG:g UG:χ,CG:- UG:g,0,4,9,5,7,1,pastpl,corpus majority 0 vs 4,unresolved,no clear majority (5 vs 7),zieh,pastpl,medium,Class I e/i. NHG zeihen is archaic today.,,,
28,anwenden,no,no,no,anwenden | verwenden,wenden,,,,,,0,0,0,0,0,0,unresolved,fewer than 3 classified tokens,unresolved,fewer than 3 classified tokens,,,,,,,
226,bachen,no,no,no,bachen | ge-bachen,,UG:a,UG:uo,UG:-,UG:χ,UG:-,0,0,0,0,0,0,unresolved,fewer than 3 classified tokens,unresolved,fewer than 3 classified tokens,,,,,,,
227,backen,no,no,no,backen,,,,,,,0,0,0,0,0,0,unresolved,fewer than 3 classified tokens,unresolved,fewer than 3 classified tokens,,,,,,,
237,be-klîben,no,no,no,be-klîben,,CG:i UG:i,CG:- UG:ei,CG:- UG:-,CG:- UG:b,CG:- UG:-,0,0,0,0,0,0,unresolved,fewer than 3 classified tokens,unresolved,fewer than 3 classified tokens,,,,,,,
265,be-sèben,no,no,no,be-sèben | ent-sèben,,CG:e UG:e,CG:uo UG:uo,CG:- UG:uo,CG:p UG:p,CG:- UG:b,0,0,0,0,0,0,unresolved,fewer than 3 classified tokens,unresolved,fewer than 3 classified tokens,,,,,,,
271,be-vëlhen,no,yes,no,be-vëlhen | ent-vëlhen,,CG:i UG:i,CG:a UG:a,CG:- UG:u,CG:lχ UG:lχ,CG:- UG:lh,0,0,0,0,0,0,unresolved,fewer than 3 classified tokens,unresolved,fewer than 3 classified tokens,,,,,,,
34,bedenken,no,no,no,bedenken,bedenken,,,,,,0,0,0,0,0,0,unresolved,fewer than 3 classified tokens,unresolved,fewer than 3 classified tokens,,,,,,,
36,bedürfen,no,no,no,bedürfen,bedürfen,,,,,,0,0,0,0,0,0,unresolved,fewer than 3 classified tokens,unresolved,fewer than 3 classified tokens,,,,,,,
37,befehlen,no,no,no,befehlen,befehlen,,,,,,0,0,0,0,0,0,unresolved,fewer than 3 classified tokens,unresolved,fewer than 3 classified tokens,,,,,,,
39,begehren,no,no,no,begehren,begehren,,,,,,0,0,0,0,0,0,unresolved,fewer than 3 classified tokens,unresolved,fewer than 3 classified tokens,,,,,,,
40,beginnen,no,no,no,beginnen | ent-ginnen,beginnen,UG:-,UG:a,UG:-,UG:,UG:-,0,0,0,0,0,0,unresolved,fewer than 3 classified tokens,unresolved,fewer than 3 classified tokens,,,,,,,
44,behüten,no,no,no,behüten,hüten,,,,,,0,0,0,0,0,0,unresolved,fewer than 3 classified tokens,unresolved,fewer than 3 classified tokens,,,,,,,
45,bekennen,no,no,no,bekennen,bekennen,,,,,,0,0,0,0,0,0,unresolved,fewer than 3 classified tokens,unresolved,fewer than 3 classified tokens,,,,,,,
54,beschweren,no,no,no,beschweren,beschweren,,,,,,0,0,0,0,0,0,unresolved,fewer than 3 classified tokens,unresolved,fewer than 3 classified tokens,,,,,,,
66,binden,no,no,no,binden | entbinden | verbinden | ent-binden | ver-binden,binden,CG:i UG:-,CG:- UG:-,CG:- UG:-,CG:- UG:-,CG:- UG:-,0,0,0,0,0,0,unresolved,fewer than 3 classified tokens,unresolved,fewer than 3 classified tokens,,,,,,,
229,binten,no,yes,no,binten | ge-binten | er-binten | ver-binten | ent-binten | binten/ûf+,,CG:i UG:i,CG:a UG:a,CG:u UG:u,CG:n UG:n,CG:n UG:n,0,0,0,0,0,0,unresolved,fewer than 3 classified tokens,unresolved,fewer than 3 classified tokens,,,,,,,
276,biten,no,no,no,biten | ge-biten | er-biten | voll-biten | biten/ane>+,,CG:i UG:i,CG:a UG:a,CG:a UG:a,CG:t UG:t,CG:t UG:t,0,0,0,0,0,0,unresolved,fewer than 3 classified tokens,unresolved,fewer than 3 classified tokens,,,,,,,
67,bitten,no,no,no,bitten,bitten,,,,,,0,0,0,0,0,0,unresolved,fewer than 3 classified tokens,unresolved,fewer than 3 classified tokens,,,,,,,
278,biègen,no,no,no,biègen | er-biègen | biègen/ûz>+ | biègen/nider(e)>+,,CG:- UG:ie,CG:ou UG:-,CG:- UG:-,CG:c UG:-,CG:- UG:-,0,0,0,0,0,0,unresolved,fewer than 3 classified tokens,unresolved,fewer than 3 classified tokens,,,,,,,
280,blanten,no,no,no,blanten | en-blanten,,UG:e,UG:-,UG:-,UG:-,UG:-,0,0,0,0,0,0,unresolved,fewer than 3 classified tokens,unresolved,fewer than 3 classified tokens,,,,,,,
68,blasen,no,no,no,blasen | blâsen | ge-blâsen | zer-blâsen | ent-blâsen | ver-blâsen,blasen,CG:a UG:a,CG:ie UG:ie,CG:- UG:ie,CG:s UG:s,CG:- UG:s,0,0,0,0,0,0,unresolved,fewer than 3 classified tokens,unresolved,fewer than 3 classified tokens,,,,,,,
69,bleiben,no,no,no,bleiben,bleiben,,,,,,0,0,0,0,0,0,unresolved,fewer than 3 classified tokens,unresolved,fewer than 3 classified tokens,,,,,,,
281,bliuwen,no,yes,no,bliuwen | zer-bliuwen,,CG:- UG:-,CG:- UG:ou,CG:- UG:u,CG:- UG:w,CG:- UG:w,0,0,0,0,0,0,unresolved,fewer than 3 classified tokens,unresolved,fewer than 3 classified tokens,,,,,,,
282,blîchen,no,no,no,blîchen | ver-blîchen | über-blîchen | blîchen/ane+,,CG:e UG:i,CG:- UG:i,CG:- UG:i,CG:- UG:χ,CG:- UG:χ,0,0,0,0,0,0,unresolved,fewer than 3 classified tokens,unresolved,fewer than 3 classified tokens,,,,,,,
29,brechen,yes,no,no,brechen | brëchen | gebrechen | er-brëchen | einbrechen | verbrechen,brechen,CG:e UG:e,CG:a UG:a,CG:a UG:a,CG:χ UG:χ,CG:χ UG:χ,0,0,1,0,0,1,unresolved,fewer than 3 classified tokens,unresolved,fewer than 3 classified tokens,,,,,,,
73,bringen,no,no,no,bringen,bringen,,,,,,0,0,0,0,0,0,unresolved,fewer than 3 classified tokens,unresolved,fewer than 3 classified tokens,,,,,,,
70,brâten,yes,no,no,brâten | braten,,CG:a UG:a,CG:- UG:ie,CG:- UG:-,CG:- UG:t,CG:- UG:-,0,0,0,0,0,0,unresolved,fewer than 3 classified tokens,unresolved,fewer than 3 classified tokens,,,,,,,
50,brësten,no,no,no,brësten | gebresten | ge-brësten | zer-brësten | ent-brësten | brësten/ûz>+,,CG:e UG:e,CG:a UG:a,CG:- UG:a,CG:s UG:s,CG:- UG:s,0,0,1,0,0,1,unresolved,fewer than 3 classified tokens,unresolved,fewer than 3 classified tokens,,,,,,,
294,bëlgen,no,no,no,bëlgen | er-bëlgen | ver-bëlgen,,CG:- UG:e,CG:a UG:a,CG:- UG:-,CG:lc UG:lc,CG:- UG:-,0,0,0,0,0,0,unresolved,fewer than 3 classified tokens,unresolved,fewer than 3 classified tokens,,,,,,,
46,bëllen,no,no,no,bëllen | bellen | ge-bëllen | bëllen/ane>+ | bëllen/wider(e)>+,,CG:- UG:e,CG:u UG:-,CG:- UG:-,CG:l UG:-,CG:- UG:-,0,0,0,0,0,0,unresolved,fewer than 3 classified tokens,unresolved,fewer than 3 classified tokens,,,,,,,
295,bër(e)n,no,no,no,bër(e)n | ge-bër(e)n | er-bër(e)n | ent-bër(e)n | ver-bër(e)n | wider-bër(e)n,,CG:e UG:e,CG:a UG:a,CG:a UG:a,CG:r UG:r,CG:r UG:r,0,0,0,0,0,0,unresolved,fewer than 3 classified tokens,unresolved,fewer than 3 classified tokens,,,,,,,
296,bîten,no,no,no,bîten | en-bîten | er-bîten | ge-bîten | ent-bîten,,CG:i UG:i,CG:i UG:i,CG:i UG:i,CG:t UG:t,CG:t UG:t,0,0,0,0,0,0,unresolved,fewer than 3 classified tokens,unresolved,fewer than 3 classified tokens,,,,,,,
297,bîzen,no,no,no,bîzen | ge-bîzen | en-bîzen | in-bîzen | er-bîzen | ver-bîzen,,CG:i UG:i,CG:i UG:e,CG:i UG:e,CG:z UG:nb,CG:z UG:nb,0,0,0,0,0,0,unresolved,fewer than 3 classified tokens,unresolved,fewer than 3 classified tokens,,,,,,,
299,bûwen,no,no,no,bûwen | er-bûwen | ge-bûwen | ver-bûwen | über-bûwen | bûwen/în>+,,CG:u UG:u,CG:u UG:u,CG:- UG:u,CG:w UG:w,CG:- UG:w,0,0,0,0,0,0,unresolved,fewer than 3 classified tokens,unresolved,fewer than 3 classified tokens,,,,,,,
74,denken,no,no,no,denken | gedenken,denken,,,,,,0,0,0,0,0,0,unresolved,fewer than 3 classified tokens,unresolved,fewer than 3 classified tokens,,,,,,,
75,dienen,no,no,no,dienen,dienen,,,,,,0,0,0,0,0,0,unresolved,fewer than 3 classified tokens,unresolved,fewer than 3 classified tokens,,,,,,,
302,dièzen,no,no,no,dièzen | er-dièzen | dièzen/ûz+ | dièzen/ûz>+,,CG:ie UG:ie,CG:- UG:o,CG:u UG:-,CG:- UG:z,CG:z UG:-,0,0,0,0,0,0,unresolved,fewer than 3 classified tokens,unresolved,fewer than 3 classified tokens,,,,,,,
76,drehen,no,no,no,drehen,drehen,,,,,,0,0,0,0,0,0,unresolved,fewer than 3 classified tokens,unresolved,fewer than 3 classified tokens,,,,,,,
230,drièzen,no,no,no,drièzen | be-drièzen | er-drièzen | ver-drièzen,,CG:ie UG:iu,CG:o UG:o,CG:- UG:-,CG:z UG:z,CG:- UG:-,0,0,0,0,0,0,unresolved,fewer than 3 classified tokens,unresolved,fewer than 3 classified tokens,,,,,,,
305,drëschen,no,no,no,drëschen,,UG:e,UG:a,UG:-,UG:ʃ,UG:-,0,0,0,0,0,0,unresolved,fewer than 3 classified tokens,unresolved,fewer than 3 classified tokens,,,,,,,
232,dwahen,no,no,no,dwahen | be-dwahen | ge-dwahen | dwahen/abe>+,,CG:a UG:a,CG:- UG:uo,CG:ue UG:uo,CG:- UG:c,CG:g UG:g,0,0,0,0,0,0,unresolved,fewer than 3 classified tokens,unresolved,fewer than 3 classified tokens,,,,,,,
310,dërben,no,yes,no,dërben | ver-dërben,,CG:e UG:e,CG:a UG:u,CG:u UG:u,CG:rb UG:rb,CG:rb UG:rb,0,0,0,0,0,0,unresolved,fewer than 3 classified tokens,unresolved,fewer than 3 classified tokens,,,,,,,
111,dîhen,yes,no,no,dîhen | ge-dîhen | gedeihen | ver-dîhen | dîhen/vür(e)>+,,CG:i UG:i,CG:e UG:e,CG:- UG:-,CG:χ UG:χ,CG:- UG:-,0,0,0,0,0,0,unresolved,fewer than 3 classified tokens,unresolved,fewer than 3 classified tokens,,,,,,,
77,dünken,no,no,no,dünken,dünken,,,,,,0,0,0,0,0,0,unresolved,fewer than 3 classified tokens,unresolved,fewer than 3 classified tokens,,,,,,,
80,eilen,no,no,no,eilen,eilen,,,,,,0,0,0,0,0,0,unresolved,fewer than 3 classified tokens,unresolved,fewer than 3 classified tokens,,,,,,,
81,empfangen,no,no,no,empfangen,empfangen,,,,,,0,0,0,0,0,0,unresolved,fewer than 3 classified tokens,unresolved,fewer than 3 classified tokens,,,,,,,
82,enphallen,no,no,no,enphallen | empfehlen,,,,,,,0,0,0,0,0,0,unresolved,fewer than 3 classified tokens,unresolved,fewer than 3 classified tokens,,,,,,,
311,enphâhen,no,no,no,enphâhen,,,,,,,0,0,0,0,0,0,unresolved,fewer than 3 classified tokens,unresolved,fewer than 3 classified tokens,,,,,,,
87,entsetzen,no,no,no,entsetzen,entsetzen,,,,,,0,0,0,0,0,0,unresolved,fewer than 3 classified tokens,unresolved,fewer than 3 classified tokens,,,,,,,
91,erkennen,no,no,no,erkennen,erkennen,,,,,,0,0,0,0,0,0,unresolved,fewer than 3 classified tokens,unresolved,fewer than 3 classified tokens,,,,,,,
96,erschrecken,yes,no,no,erschrecken | er-schrëcken | zer-schrëcken,schrecken,CG:i UG:-,CG:a UG:a,CG:- UG:-,CG:c UG:c,CG:- UG:-,0,0,0,0,0,0,unresolved,fewer than 3 classified tokens,unresolved,fewer than 3 classified tokens,,,,,,,
64,erzeugen,no,no,no,erzeugen,zeugen,,,,,,0,0,0,0,0,0,unresolved,fewer than 3 classified tokens,unresolved,fewer than 3 classified tokens,,,,,,,
89,fahren,yes,no,no,fahren | var(e)n | erfahren | verfahren | er-var(e)n | ge-var(e)n,fahren,CG:a UG:a,CG:uo UG:uo,CG:uo UG:uo,CG:r UG:r,CG:r UG:r,0,0,2,0,0,2,unresolved,fewer than 3 classified tokens,unresolved,fewer than 3 classified tokens,,,,,,,
107,fordern,no,no,no,fordern,fordern,,,,,,0,0,0,0,0,0,unresolved,fewer than 3 classified tokens,unresolved,fewer than 3 classified tokens,,,,,,,
109,führen,no,no,no,führen,führen,,,,,,0,0,0,0,0,0,unresolved,fewer than 3 classified tokens,unresolved,fewer than 3 classified tokens,,,,,,,
239,ge-lîben,no,yes,no,ge-lîben | be-lîben | ver-lîben | ent-lîben | be-lîben/bî<+ | be-lîben/bî<.+,,CG:i UG:i,CG:ei UG:ei,CG:i UG:i,CG:p UG:p,CG:b UG:b,0,0,0,0,0,0,unresolved,fewer than 3 classified tokens,unresolved,fewer than 3 classified tokens,,,,,,,
320,ge-wahen,no,no,no,ge-wahen,,CG:- UG:-,CG:ue UG:-,CG:- UG:ue,CG:g UG:-,CG:- UG:g,0,0,0,0,0,0,unresolved,fewer than 3 classified tokens,unresolved,fewer than 3 classified tokens,,,,,,,
322,ge-wërden,no,yes,no,ge-wërden | er-wërden | ent-wërden | ver-wërden,,CG:e UG:e,CG:a UG:a,CG:- UG:u,CG:r UG:r,CG:- UG:r,0,0,0,0,0,0,unresolved,fewer than 3 classified tokens,unresolved,fewer than 3 classified tokens,,,,,,,
324,ge-wësen,no,no,no,ge-wësen | ent-wësen | ver-wësen,,CG:- UG:e,CG:a UG:-,CG:- UG:-,CG:r UG:-,CG:- UG:-,0,0,0,0,0,0,unresolved,fewer than 3 classified tokens,unresolved,fewer than 3 classified tokens,,,,,,,
21,geben,yes,no,no,geben | gëben | begeben | angeben | umgeben | ergeben,geben,CG:e UG:e,CG:a UG:a,CG:a UG:a,CG:p UG:p,CG:b UG:b,0,0,14,0,0,14,unresolved,fewer than 3 classified tokens,unresolved,fewer than 3 classified tokens,,,,,,,
71,gebrauchen,no,no,no,gebrauchen,brauchen,,,,,,0,0,0,0,0,0,unresolved,fewer than 3 classified tokens,unresolved,fewer than 3 classified tokens,,,,,,,
110,gebären,no,no,no,gebären,gebären,,,,,,0,0,0,0,0,0,unresolved,fewer than 3 classified tokens,unresolved,fewer than 3 classified tokens,,,,,,,
1,gehen,no,no,no,gehen | begehen | abgehen | angehen | ergehen | aufgehen,gehen,,,,,,0,0,0,0,0,0,unresolved,fewer than 3 classified tokens,unresolved,fewer than 3 classified tokens,,,,,,,
114,gelingen,yes,no,no,gelingen | ge-lingen | misse-lingen,gelingen,CG:i UG:i,CG:u UG:a,CG:- UG:-,CG:ng UG:nk,CG:- UG:-,0,0,0,0,0,0,unresolved,fewer than 3 classified tokens,unresolved,fewer than 3 classified tokens,,,,,,,
115,geloben,no,no,no,geloben | verloben,loben,,,,,,0,0,0,0,0,0,unresolved,fewer than 3 classified tokens,unresolved,fewer than 3 classified tokens,,,,,,,
121,gewähren,no,no,no,gewähren,gewähren,,,,,,0,0,0,0,0,0,unresolved,fewer than 3 classified tokens,unresolved,fewer than 3 classified tokens,,,,,,,
371,glîzen,no,no,no,glîzen,,CG:- UG:i,CG:ei UG:ei,CG:- UG:-,CG:z UG:z,CG:- UG:-,0,0,0,0,0,0,unresolved,fewer than 3 classified tokens,unresolved,fewer than 3 classified tokens,,,,,,,
41,graben,no,no,no,graben | begraben | be-graben | er-graben | graben/ûz+ | umbe-graben,,CG:a UG:a,CG:uo UG:uo,CG:uo UG:uo,CG:p UG:p,CG:b UG:b,0,0,6,0,0,6,unresolved,fewer than 3 classified tokens,unresolved,fewer than 3 classified tokens,,,,,,,
23,grîfen,no,yes,no,grîfen | greifen | er-grîfen | begreifen | be-grîfen | angreifen,,CG:i UG:i,CG:ei UG:ei,CG:i UG:i,CG:f UG:f,CG:f UG:f,0,0,2,0,0,2,unresolved,fewer than 3 classified tokens,unresolved,fewer than 3 classified tokens,,,,,,,
375,grînen,no,yes,no,grînen | grînen/ane+,,CG:i UG:-,CG:i UG:ei,CG:- UG:i,CG: UG:,CG:- UG:,0,0,0,0,0,0,unresolved,fewer than 3 classified tokens,unresolved,fewer than 3 classified tokens,,,,,,,
126,haben,no,no,no,haben,haben,,,,,,0,0,0,0,0,0,unresolved,fewer than 3 classified tokens,unresolved,fewer than 3 classified tokens,,,,,,,
347,halsen,no,no,no,halsen | ge-halsen,,UG:e,UG:-,UG:-,UG:-,UG:-,0,0,0,0,0,0,unresolved,fewer than 3 classified tokens,unresolved,fewer than 3 classified tokens,,,,,,,
24,halten,yes,no,no,halten | zuhalten | behalten | anhalten | be-halten | einhalten,halten,CG:a UG:a,CG:ie UG:ie,CG:ie UG:ie,CG:l UG:l,CG:l UG:l,0,0,5,0,0,5,unresolved,fewer than 3 classified tokens,unresolved,fewer than 3 classified tokens,,,,,,,
90,heben,yes,no,no,heben | hèben | erheben | ge-hèben | be-hèben | er-hèben,heben,CG:e UG:e,CG:uo UG:uo,CG:uo UG:uo,CG:p UG:p,CG:b UG:b,0,0,2,0,0,2,unresolved,fewer than 3 classified tokens,unresolved,fewer than 3 classified tokens,,,,,,,
128,heilen,no,no,no,heilen,heilen,,,,,,0,0,0,0,0,0,unresolved,fewer than 3 classified tokens,unresolved,fewer than 3 classified tokens,,,,,,,
43,herrschen,no,no,no,herrschen,herrschen,,,,,,0,0,0,0,0,0,unresolved,fewer than 3 classified tokens,unresolved,fewer than 3 classified tokens,,,,,,,
379,hinken,no,no,no,hinken | hinken/ûz+,,UG:i,UG:a,UG:-,UG:nk,UG:-,0,0,0,0,0,0,unresolved,fewer than 3 classified tokens,unresolved,fewer than 3 classified tokens,,,,,,,
131,hoffen,no,no,no,hoffen,hoffen,,,,,,0,0,0,0,0,0,unresolved,fewer than 3 classified tokens,unresolved,fewer than 3 classified tokens,,,,,,,
132,hâhen,yes,no,no,hâhen | hängen | ge-hâhen | be-hâhen | er-hâhen | hâhen/ûz+,,CG:a UG:a,CG:ie UG:ie,CG:ie UG:ie,CG:nk UG:ng,CG:ng UG:ng,0,0,0,0,0,0,unresolved,fewer than 3 classified tokens,unresolved,fewer than 3 classified tokens,,,,,,,
129,hèischen,yes,no,no,hèischen | heischen | hèischen/wider(e)+,,CG:ei UG:ei,CG:ie UG:ie,CG:ie UG:ie,CG:ʃ UG:ʃ,CG:ʃ UG:ʃ,0,0,0,0,0,0,unresolved,fewer than 3 classified tokens,unresolved,fewer than 3 classified tokens,,,,,,,
235,hèizen,no,no,no,hèizen | ge-hèizen | ent-hèizen,,CG:ei UG:ei,CG:ie UG:ie,CG:ie UG:ie,CG:z UG:z,CG:z UG:z,0,0,0,0,0,0,unresolved,fewer than 3 classified tokens,unresolved,fewer than 3 classified tokens,,,,,,,
326,hël(e)n,no,no,no,hël(e)n | er-hël(e)n | ver-hël(e)n,,CG:e UG:e,CG:a UG:a,CG:a UG:a,CG:l UG:l,CG:l UG:l,0,0,0,0,0,0,unresolved,fewer than 3 classified tokens,unresolved,fewer than 3 classified tokens,,,,,,,
327,hëllen,no,no,no,hëllen | ge-hëllen | er-hëllen | zer-hëllen | misse-hëllen | hëllen/mit(e)>+,,UG:e,UG:a,UG:-,UG:l,UG:-,0,0,0,0,0,0,unresolved,fewer than 3 classified tokens,unresolved,fewer than 3 classified tokens,,,,,,,
133,hören,no,no,no,hören,hören,,,,,,0,0,0,0,0,0,unresolved,fewer than 3 classified tokens,unresolved,fewer than 3 classified tokens,,,,,,,
236,jëhen,no,no,no,jëhen | be-jëhen | er-jëhen | ge-jëhen | ver-jëhen | jëhen/nâh>+,,CG:e UG:e,CG:a UG:a,CG:a UG:a,CG:χ UG:χ,CG:h UG:h,0,0,0,0,0,0,unresolved,fewer than 3 classified tokens,unresolved,fewer than 3 classified tokens,,,,,,,
135,kaufen,no,no,no,kaufen | verkaufen,kaufen,,,,,,0,0,0,0,0,0,unresolved,fewer than 3 classified tokens,unresolved,fewer than 3 classified tokens,,,,,,,
136,kennen,no,no,no,kennen,kennen,,,,,,0,0,0,0,0,0,unresolved,fewer than 3 classified tokens,unresolved,fewer than 3 classified tokens,,,,,,,
329,kièsen,no,yes,yes,kièsen | ge-kièsen | er-kièsen | ver-kièsen | wider-kièsen | kièsen/ane<+,,CG:ie UG:ie,CG:o UG:o,CG:u UG:u,CG:s UG:s,CG:r UG:r,0,0,0,0,0,0,unresolved,fewer than 3 classified tokens,unresolved,fewer than 3 classified tokens,,,,,,,
138,klimmen,no,yes,no,klimmen | ge-klimmen | ver-klimmen | klimmen/ûf>+ | klimmen/ûf<.+,klimmen,CG:i UG:-,CG:- UG:a,CG:- UG:u,CG:- UG:m,CG:- UG:m,0,0,0,0,0,0,unresolved,fewer than 3 classified tokens,unresolved,fewer than 3 classified tokens,,,,,,,
383,klièben,no,no,no,klièben | zer-klièben,,UG:ie,UG:ou,UG:-,UG:p,UG:-,0,0,0,0,0,0,unresolved,fewer than 3 classified tokens,unresolved,fewer than 3 classified tokens,,,,,,,
3,komen,yes,no,no,komen | kommen | ankommen | umkommen | bekommen | er-komen,,CG:u UG:u,CG:ua UG:o,CG:ua UG:o,CG:m UG:m,CG:m UG:m,0,0,87,0,0,87,unresolved,fewer than 3 classified tokens,unresolved,fewer than 3 classified tokens,,,,,,,
331,krîgen,no,no,no,krîgen | er-krîgen,,CG:i,CG:-,CG:-,CG:-,CG:-,0,0,0,0,0,0,unresolved,fewer than 3 classified tokens,unresolved,fewer than 3 classified tokens,,,,,,,
140,können,no,no,no,können,können,,,,,,0,0,0,0,0,0,unresolved,fewer than 3 classified tokens,unresolved,fewer than 3 classified tokens,,,,,,,
85,laden,yes,no,no,laden | entladen | er-laden | be-laden | ver-laden | ent-laden,,CG:a UG:a,CG:- UG:-,CG:uo UG:-,CG:- UG:-,CG:d UG:-,0,0,0,0,0,0,unresolved,fewer than 3 classified tokens,unresolved,fewer than 3 classified tokens,,,,,,,
5,lauf,yes,no,no,lauf | loufen | laufen | anlaufen | er-loufen | ge-loufen,laufen,CG:ou UG:ou,CG:ie UG:ie,CG:ie UG:ie,CG:f UG:f,CG:f UG:f,0,0,2,0,0,2,unresolved,fewer than 3 classified tokens,unresolved,fewer than 3 classified tokens,,,,,,,
141,leben,no,no,no,leben,leben,,,,,,0,0,0,0,0,0,unresolved,fewer than 3 classified tokens,unresolved,fewer than 3 classified tokens,,,,,,,
142,legen,no,no,no,legen | niederlegen,legen,,,,,,0,0,0,0,0,0,unresolved,fewer than 3 classified tokens,unresolved,fewer than 3 classified tokens,,,,,,,
238,ligen,no,no,no,ligen | be-ligen | er-ligen | ge-ligen | ligen/bî+ | ver-ligen,,CG:i UG:i,CG:a UG:a,CG:a UG:a,CG:c UG:c,CG:g UG:g,0,0,0,0,0,0,unresolved,fewer than 3 classified tokens,unresolved,fewer than 3 classified tokens,,,,,,,
4,lâzen,yes,no,no,lâzen | lassen | ge-lâzen | ablassen | er-lâzen | be-lâzen,,CG:a UG:a,CG:ie UG:ie,CG:ie UG:ie,CG:z UG:z,CG:z UG:z,0,0,0,0,0,0,unresolved,fewer than 3 classified tokens,unresolved,fewer than 3 classified tokens,,,,,,,
94,lëschen,no,no,no,lëschen | erlöschen | er-lëschen | verlöschen | ver-lëschen,,CG:e UG:e,CG:- UG:a,CG:- UG:a,CG:- UG:ʃ,CG:- UG:ʃ,0,0,0,0,0,0,unresolved,fewer than 3 classified tokens,unresolved,fewer than 3 classified tokens,,,,,,,
144,lësen,yes,no,no,lësen | lesen | ge-lësen | er-lësen | lësen/ûf+ | lësen/ûf>+,,CG:e UG:e,CG:a UG:a,CG:a UG:a,CG:s UG:s,CG:s UG:s,0,0,0,0,0,0,unresolved,fewer than 3 classified tokens,unresolved,fewer than 3 classified tokens,,,,,,,
240,lûchen,no,no,no,lûchen | ge-lûchen | be-lûchen | ent-lûchen | lûchen/zuo<.+,,CG:u UG:u,CG:ou UG:ou,CG:- UG:-,CG:χ UG:χ,CG:- UG:-,0,0,0,0,0,0,unresolved,fewer than 3 classified tokens,unresolved,fewer than 3 classified tokens,,,,,,,
145,machen,no,no,no,machen,machen,,,,,,0,0,0,0,0,0,unresolved,fewer than 3 classified tokens,unresolved,fewer than 3 classified tokens,,,,,,,
146,mahlen,yes,no,no,mahlen | mal(e)n | zer-mal(e)n,mahlen,UG:a,UG:ue,UG:-,UG:l,UG:-,0,0,0,0,0,0,unresolved,fewer than 3 classified tokens,unresolved,fewer than 3 classified tokens,,,,,,,
148,meinen,no,no,no,meinen,meinen,,,,,,0,0,0,0,0,0,unresolved,fewer than 3 classified tokens,unresolved,fewer than 3 classified tokens,,,,,,,
116,messen,no,no,no,messen | mëzzen | gemessen | ge-mëzzen | ver-mëzzen | über-mëzzen,messen,CG:e UG:e,CG:a UG:a,CG:a UG:a,CG:z UG:z,CG:z UG:z,0,0,0,0,0,0,unresolved,fewer than 3 classified tokens,unresolved,fewer than 3 classified tokens,,,,,,,
150,mögen,no,no,no,mögen,mögen,,,,,,0,0,0,0,0,0,unresolved,fewer than 3 classified tokens,unresolved,fewer than 3 classified tokens,,,,,,,
151,müssen,no,no,no,müssen,müssen,,,,,,0,0,0,0,0,0,unresolved,fewer than 3 classified tokens,unresolved,fewer than 3 classified tokens,,,,,,,
152,nagen,no,no,no,nagen,nagen,,,,,,0,0,0,0,0,0,unresolved,fewer than 3 classified tokens,unresolved,fewer than 3 classified tokens,,,,,,,
153,nennen,no,no,no,nennen,nennen,,,,,,0,0,0,0,0,0,unresolved,fewer than 3 classified tokens,unresolved,fewer than 3 classified tokens,,,,,,,
399,niuwen,no,no,no,niuwen | zer-niuwen,,CG:-,CG:-,CG:-,CG:-,CG:-,0,0,0,0,0,0,unresolved,fewer than 3 classified tokens,unresolved,fewer than 3 classified tokens,,,,,,,
352,nièzen,no,yes,no,nièzen | ge-nièzen,,CG:ie UG:ie,CG:o UG:o,CG:u UG:u,CG:z UG:z,CG:z UG:z,0,0,0,0,0,0,unresolved,fewer than 3 classified tokens,unresolved,fewer than 3 classified tokens,,,,,,,
47,nëmen,yes,no,no,nëmen | nehmen | be-nëmen | benehmen | ge-nëmen | ent-nëmen,,CG:e UG:e,CG:a UG:a,CG:a UG:a,CG:m UG:m,CG:m UG:m,0,0,11,0,0,11,unresolved,fewer than 3 classified tokens,unresolved,fewer than 3 classified tokens,,,,,,,
353,nîden,no,yes,yes,nîden | nîden/ane>+,,CG:i UG:i,CG:ei UG:ei,CG:- UG:i,CG:t UG:t,CG:- UG:d,0,0,0,0,0,0,unresolved,fewer than 3 classified tokens,unresolved,fewer than 3 classified tokens,,,,,,,
354,nîgen,no,yes,no,nîgen | ge-nîgen | nîgen/nider(e)>+ | ge-nîgen/wider(e)>+,,CG:- UG:i,CG:ei UG:ei,CG:i UG:i,CG:c UG:c,CG:g UG:g,0,0,0,0,0,0,unresolved,fewer than 3 classified tokens,unresolved,fewer than 3 classified tokens,,,,,,,
155,pflegen,yes,no,no,pflegen | pflëgen | ge-pflëgen | ver-pflëgen | ent-pflëgen | wider-pflëgen,pflegen,CG:e UG:e,CG:a UG:a,CG:a UG:a,CG:c UG:c,CG:g UG:g,0,0,0,0,0,0,unresolved,fewer than 3 classified tokens,unresolved,fewer than 3 classified tokens,,,,,,,
314,quëden,no,no,yes,quëden | ent-quëden,,CG:ui UG:ui,CG:ua UG:ua,CG:ua UG:ua,CG:t UG:t,CG:d UG:d,0,0,0,0,0,0,unresolved,fewer than 3 classified tokens,unresolved,fewer than 3 classified tokens,,,,,,,
157,quël(e)n,no,yes,no,quël(e)n | er-quëllen | ge-quël(e)n | ver-quël(e)n,,CG:ue UG:ue,CG:ua UG:ua,CG:ua UG:o,CG:l UG:l,CG:l UG:l,0,0,0,0,0,0,unresolved,fewer than 3 classified tokens,unresolved,fewer than 3 classified tokens,,,,,,,
48,raten,yes,no,no,raten | râten | beraten | geraten | er-râten | be-râten,raten,CG:a UG:a,CG:ie UG:ie,CG:ie UG:ie,CG:t UG:t,CG:t UG:t,0,0,5,0,0,5,unresolved,fewer than 3 classified tokens,unresolved,fewer than 3 classified tokens,,,,,,,
158,rechnen,no,no,no,rechnen,rechnen,,,,,,0,0,0,0,0,0,unresolved,fewer than 3 classified tokens,unresolved,fewer than 3 classified tokens,,,,,,,
159,regieren,no,no,no,regieren,regieren,,,,,,0,0,0,0,0,0,unresolved,fewer than 3 classified tokens,unresolved,fewer than 3 classified tokens,,,,,,,
163,rennen,no,no,no,rennen,rennen,,,,,,0,0,0,0,0,0,unresolved,fewer than 3 classified tokens,unresolved,fewer than 3 classified tokens,,,,,,,
164,retten,no,no,no,retten,retten,,,,,,0,0,0,0,0,0,unresolved,fewer than 3 classified tokens,unresolved,fewer than 3 classified tokens,,,,,,,
165,riechen,yes,no,no,riechen | rièchen | ge-rièchen | ver-rièchen,riechen,CG:- UG:ie,CG:ou UG:ou,CG:- UG:-,CG:χ UG:χ,CG:- UG:-,0,0,0,0,0,0,unresolved,fewer than 3 classified tokens,unresolved,fewer than 3 classified tokens,,,,,,,
244,riuwen,no,yes,no,riuwen | ge-riuwen | be-riuwen,,CG:iu UG:iu,CG:ou UG:ou,CG:u UG:u,CG: UG:,CG:w UG:w,0,0,0,0,0,0,unresolved,fewer than 3 classified tokens,unresolved,fewer than 3 classified tokens,,,,,,,
51,rufen,yes,no,no,rufen | ruofen | berufen | ge-ruofen | be-ruofen | er-ruofen,rufen,CG:uo UG:uo,CG:ie UG:ie,CG:ie UG:ie,CG:f UG:f,CG:f UG:f,0,0,0,0,0,0,unresolved,fewer than 3 classified tokens,unresolved,fewer than 3 classified tokens,,,,,,,
167,rëchen,yes,no,no,rëchen | rächen | er-rëchen | ge-rëchen | be-rëchen,,CG:e UG:e,CG:a UG:a,CG:a UG:a,CG:χ UG:χ,CG:χ UG:χ,0,0,0,0,0,0,unresolved,fewer than 3 classified tokens,unresolved,fewer than 3 classified tokens,,,,,,,
160,rîben,no,no,no,rîben | reiben | zer-rîben | rîben/ûz<.+,,UG:i,UG:-,UG:-,UG:-,UG:-,0,0,0,0,0,0,unresolved,fewer than 3 classified tokens,unresolved,fewer than 3 classified tokens,,,,,,,
161,rîchen,no,no,no,rîchen | reichen,,UG:-,UG:-,UG:-,UG:-,UG:-,0,0,0,0,0,0,unresolved,fewer than 3 classified tokens,unresolved,fewer than 3 classified tokens,,,,,,,
248,rîsen,no,no,no,rîsen | ge-rîsen | rîsen/ûz>+ | rîsen/ûz<.+,,CG:i UG:i,CG:- UG:-,CG:i UG:i,CG:- UG:-,CG:s UG:s,0,0,0,0,0,0,unresolved,fewer than 3 classified tokens,unresolved,fewer than 3 classified tokens,,,,,,,
162,rîten,no,yes,no,rîten | reiten | er-rîten | ge-rîten | be-rîten | rîten/ûz+,,CG:i UG:i,CG:ei UG:ei,CG:i UG:i,CG:t UG:t,CG:t UG:t,0,0,11,0,0,11,unresolved,fewer than 3 classified tokens,unresolved,fewer than 3 classified tokens,,,,,,,
249,rîzen,no,yes,no,rîzen | be-rîzen | zer-rîzen | ver-rîzen | rîzen/abe>+ | rîzen/umbe>+,,CG:- UG:i,CG:ei UG:ei,CG:i UG:i,CG:z UG:z,CG:z UG:z,0,0,0,0,0,0,unresolved,fewer than 3 classified tokens,unresolved,fewer than 3 classified tokens,,,,,,,
168,sagen,no,no,no,sagen,sagen,,,,,,0,0,0,0,0,0,unresolved,fewer than 3 classified tokens,unresolved,fewer than 3 classified tokens,,,,,,,
410,salzen,no,no,no,salzen,,UG:a,UG:-,UG:-,UG:-,UG:-,0,0,0,0,0,0,unresolved,fewer than 3 classified tokens,unresolved,fewer than 3 classified tokens,,,,,,,
170,schaben,no,no,no,schaben | be-schaben,schaben,UG:a,UG:-,UG:-,UG:-,UG:-,0,0,0,0,0,0,unresolved,fewer than 3 classified tokens,unresolved,fewer than 3 classified tokens,,,,,,,
6,schaffen,no,no,no,schaffen | erschaffen | beschaffen,schaffen,,,,,,0,0,0,0,0,0,unresolved,fewer than 3 classified tokens,unresolved,fewer than 3 classified tokens,,,,,,,
356,schalten,no,no,no,schalten | ver-schalten | schalten/ûz+ | schalten/ûf>+ | schalten/vür(e)+,,CG:a UG:a,CG:ie UG:ie,CG:ie UG:ie,CG:l UG:l,CG:l UG:l,0,0,0,0,0,0,unresolved,fewer than 3 classified tokens,unresolved,fewer than 3 classified tokens,,,,,,,
173,schicken,no,no,no,schicken,schicken,,,,,,0,0,0,0,0,0,unresolved,fewer than 3 classified tokens,unresolved,fewer than 3 classified tokens,,,,,,,
250,schinten,no,no,no,schinten | be-schinten | schinten/abe>+,,UG:i,UG:-,UG:-,UG:-,UG:-,0,0,0,0,0,0,unresolved,fewer than 3 classified tokens,unresolved,fewer than 3 classified tokens,,,,,,,
338,schièben,no,no,no,schièben | er-schièben | ge-schièben | schièben/ûf+ | ver-schièben | schièben/ûf>+,,CG:iu UG:ie,CG:- UG:-,CG:- UG:u,CG:- UG:-,CG:- UG:b,0,0,0,0,0,0,unresolved,fewer than 3 classified tokens,unresolved,fewer than 3 classified tokens,,,,,,,
307,schièzen,no,yes,no,schièzen | ge-schièzen | er-schièzen | ver-schièzen | durh-schièzen | über-schièzen,,CG:ie UG:ie,CG:o UG:o,CG:- UG:u,CG:z UG:z,CG:- UG:z,0,0,0,0,0,0,unresolved,fewer than 3 classified tokens,unresolved,fewer than 3 classified tokens,,,,,,,
26,schrîben,no,yes,no,schrîben | schreiben | zuschreiben | be-schrîben | ge-schrîben | er-schrîben,,CG:i UG:i,CG:ei UG:ei,CG:i UG:i,CG:p UG:p,CG:b UG:b,0,0,0,0,0,0,unresolved,fewer than 3 classified tokens,unresolved,fewer than 3 classified tokens,,,,,,,
180,schrîten,no,no,no,schrîten | be-schrîten | über-schrîten | schrîten/ûf>.+ | ge-schrîten/ûf+ | schrîten/nider(e)>+,,CG:- UG:i,CG:ei UG:ei,CG:- UG:-,CG:t UG:t,CG:- UG:-,0,0,0,0,0,0,unresolved,fewer than 3 classified tokens,unresolved,fewer than 3 classified tokens,,,,,,,
251,schrôten,no,no,no,schrôten | er-schrôten | be-schrôten | ver-schrôten | zer-schrôten | schrôten/abe+,,CG:o UG:o,CG:ie UG:ie,CG:- UG:ie,CG:t UG:t,CG:- UG:t,0,0,0,0,0,0,unresolved,fewer than 3 classified tokens,unresolved,fewer than 3 classified tokens,,,,,,,
55,schwören,yes,no,no,schwören | swèr(e)n | beschwören | verschwören | ge-swèr(e)n | be-swèr(e)n,schwören,CG:e UG:e,CG:uo UG:uo,CG:uo UG:uo,CG:r UG:r,CG:r UG:r,0,0,0,0,0,0,unresolved,fewer than 3 classified tokens,unresolved,fewer than 3 classified tokens,,,,,,,
252,schèpfen,no,no,no,schèpfen | be-schèpfen | er-schèpfen | ge-schèpfen,,CG:a UG:e,CG:uo UG:uo,CG:uo UG:uo,CG:f UG:f,CG:f UG:f,0,0,0,0,0,0,unresolved,fewer than 3 classified tokens,unresolved,fewer than 3 classified tokens,,,,,,,
118,schëhen,yes,no,no,schëhen | geschehen | be-schëhen | ge-schëhen | ge-schëhen[!] | misse-schëhen,,CG:ie UG:e,CG:a UG:a,CG:- UG:a,CG:χ UG:χ,CG:- UG:h,2,0,5,2,0,5,unresolved,fewer than 3 classified tokens,unresolved,fewer than 3 classified tokens,,,,,,,
308,schëllen,no,no,no,schëllen | er-schëllen | schëllen/ûz+ | durh-schëllen | er-schëllen/ûz+ | schëllen/wider(e)+,,CG:i UG:e,CG:a UG:a,CG:- UG:-,CG:l UG:l,CG:- UG:-,0,0,0,0,0,0,unresolved,fewer than 3 classified tokens,unresolved,fewer than 3 classified tokens,,,,,,,
253,schër(e)n,no,no,no,schër(e)n | be-schër(e)n | schër(e)n/abe+ | schër(e)n/ûz>.+ | schër(e)n/abe>+ | ge-schër(e)n/umbe>+,,CG:- UG:e,CG:- UG:-,CG:- UG:a,CG:- UG:-,CG:- UG:r,0,0,0,0,0,0,unresolved,fewer than 3 classified tokens,unresolved,fewer than 3 classified tokens,,,,,,,
52,schîden,no,no,no,schîden | bescheiden | schîden/ûz+,,UG:i,UG:-,UG:i,UG:-,UG:d,0,0,0,0,0,0,unresolved,fewer than 3 classified tokens,unresolved,fewer than 3 classified tokens,,,,,,,
186,seihen,no,no,no,seihen,seihen,,,,,,0,0,0,0,0,0,unresolved,fewer than 3 classified tokens,unresolved,fewer than 3 classified tokens,,,,,,,
187,sein,no,no,no,sein,sein,,,,,,0,0,0,0,0,0,unresolved,fewer than 3 classified tokens,unresolved,fewer than 3 classified tokens,,,,,,,
188,senden,no,no,no,senden,senden,,,,,,0,0,0,0,0,0,unresolved,fewer than 3 classified tokens,unresolved,fewer than 3 classified tokens,,,,,,,
190,setzen,no,no,no,setzen,setzen,,,,,,0,0,0,0,0,0,unresolved,fewer than 3 classified tokens,unresolved,fewer than 3 classified tokens,,,,,,,
193,sinken,no,yes,no,sinken | versinken | ge-sinken | be-sinken | er-sinken | ent-sinken,sinken,CG:i UG:-,CG:a UG:a,CG:u UG:u,CG:nk UG:nk,CG:nk UG:nk,0,0,0,0,0,0,unresolved,fewer than 3 classified tokens,unresolved,fewer than 3 classified tokens,,,,,,,
57,sitzen,yes,no,no,sitzen | besitzen | be-sitzen | vorsitzen | ge-sitzen | sitzen/în+,sitzen,CG:i UG:i,CG:a UG:a,CG:a UG:a,CG:z UG:z,CG:z UG:z,0,0,10,0,0,10,unresolved,fewer than 3 classified tokens,unresolved,fewer than 3 classified tokens,,,,,,,
191,sièden,yes,no,no,sièden | sieden | ge-sièden | durh-sièden | ge-sièden/în>+,,CG:ie UG:ie,CG:- UG:o,CG:- UG:-,CG:- UG:t,CG:- UG:-,0,0,0,0,0,0,unresolved,fewer than 3 classified tokens,unresolved,fewer than 3 classified tokens,,,,,,,
7,slahen,yes,no,no,slahen | schlagen | ge-slahen | er-slahen | be-slahen | umschlagen,,CG:a UG:a,CG:uo UG:uo,CG:uo UG:uo,CG:c UG:c,CG:g UG:g,0,0,0,0,0,0,unresolved,fewer than 3 classified tokens,unresolved,fewer than 3 classified tokens,,,,,,,
340,slinten,no,no,no,slinten | ver-slinten,,CG:i UG:i,CG:a UG:u,CG:- UG:-,CG:n UG:n,CG:- UG:-,0,0,0,0,0,0,unresolved,fewer than 3 classified tokens,unresolved,fewer than 3 classified tokens,,,,,,,
357,slièfen,no,yes,no,slièfen | ge-slièfen,,CG:- UG:iu,CG:- UG:ou,CG:- UG:u,CG:- UG:f,CG:- UG:f,0,0,0,0,0,0,unresolved,fewer than 3 classified tokens,unresolved,fewer than 3 classified tokens,,,,,,,
255,slièzen,no,yes,no,slièzen | în-slièzen | be-slièzen | slièzen/ûf+ | ver-slièzen | ent-slièzen,,CG:ie UG:ie,CG:o UG:o,CG:u UG:u,CG:z UG:z,CG:z UG:z,0,0,0,0,0,0,unresolved,fewer than 3 classified tokens,unresolved,fewer than 3 classified tokens,,,,,,,
53,slâfen,yes,no,no,slâfen | schlafen | be-slâfen | ge-slâfen | ent-slâfen | ver-slâfen,,CG:a UG:a,CG:ie UG:ie,CG:ie UG:ie,CG:f UG:f,CG:f UG:f,0,0,1,0,0,1,unresolved,fewer than 3 classified tokens,unresolved,fewer than 3 classified tokens,,,,,,,
174,slîchen,no,yes,no,slîchen | ge-slîchen | er-slîchen | be-slîchen | schleichen | slîchen/ûf>+,,UG:i,UG:ei,UG:i,UG:χ,UG:χ,0,0,0,0,0,0,unresolved,fewer than 3 classified tokens,unresolved,fewer than 3 classified tokens,,,,,,,
256,slîfen,no,no,no,slîfen | be-slîfen | zer-slîfen | ent-slîfen | slîfen/abe>+,,CG:i UG:i,CG:ei UG:ei,CG:- UG:-,CG:f UG:f,CG:- UG:-,0,0,0,0,0,0,unresolved,fewer than 3 classified tokens,unresolved,fewer than 3 classified tokens,,,,,,,
257,slîzen,no,no,no,slîzen | ver-slîzen | zer-slîzen | ent-slîzen | slîzen/abe+,,UG:i,UG:ei,UG:-,UG:z,UG:-,0,0,0,0,0,0,unresolved,fewer than 3 classified tokens,unresolved,fewer than 3 classified tokens,,,,,,,
422,smërzen,no,no,no,smërzen,,CG:e UG:i,CG:- UG:-,CG:- UG:-,CG:- UG:-,CG:- UG:-,0,0,0,0,0,0,unresolved,fewer than 3 classified tokens,unresolved,fewer than 3 classified tokens,,,,,,,
194,sollen,no,no,no,sollen,sollen,,,,,,0,0,0,0,0,0,unresolved,fewer than 3 classified tokens,unresolved,fewer than 3 classified tokens,,,,,,,
358,spalten,no,no,no,spalten | ge-spalten | zer-spalten,,CG:a UG:a,CG:ie UG:ie,CG:- UG:ie,CG:l UG:l,CG:- UG:l,0,0,0,0,0,0,unresolved,fewer than 3 classified tokens,unresolved,fewer than 3 classified tokens,,,,,,,
259,spannen,no,no,no,spannen | be-spannen | ge-spannen | spannen/ûf>+ | spannen/umbe>+,,CG:a UG:a,CG:ie UG:ie,CG:ie UG:ie,CG: UG:,CG: UG:,0,0,0,0,0,0,unresolved,fewer than 3 classified tokens,unresolved,fewer than 3 classified tokens,,,,,,,
196,spinnen,no,no,no,spinnen,spinnen,,,,,,0,0,0,0,0,0,unresolved,fewer than 3 classified tokens,unresolved,fewer than 3 classified tokens,,,,,,,
27,sprechen,yes,no,no,sprechen | sprëchen | zusprechen | besprechen | ansprechen | versprechen,sprechen,CG:e UG:e,CG:a UG:a,CG:a UG:a,CG:χ UG:χ,CG:χ UG:χ,0,0,35,0,0,35,unresolved,fewer than 3 classified tokens,unresolved,fewer than 3 classified tokens,,,,,,,
260,spîwen,no,no,no,spîwen | be-spîwen | spîwen/ûz+ | ver-spîwen | spîwen/ûz>+ | spîwen/ûz<.+,,CG:i UG:i,CG:e UG:ei,CG:- UG:-,CG: UG:,CG:- UG:-,0,0,0,0,0,0,unresolved,fewer than 3 classified tokens,unresolved,fewer than 3 classified tokens,,,,,,,
32,stechen,yes,no,no,stechen | stëchen | ausstechen | ge-stëchen | er-stëchen | zer-stëchen,stechen,CG:e UG:e,CG:a UG:a,CG:a UG:a,CG:χ UG:χ,CG:χ UG:χ,0,0,0,0,0,0,unresolved,fewer than 3 classified tokens,unresolved,fewer than 3 classified tokens,,,,,,,
9,stehen,no,no,no,stehen | gestehen | bestehen | verstehen | aufstehen | entstehen,stehen,,,,,,0,0,0,0,0,0,unresolved,fewer than 3 classified tokens,unresolved,fewer than 3 classified tokens,,,,,,,
197,stehlen,yes,no,no,stehlen | stël(e)n | ver-stël(e)n | stël(e)n/abe>+ | ver-stël(e)n/vor(e)>+,stehlen,CG:e UG:e,CG:a UG:a,CG:a UG:a,CG:l UG:l,CG:l UG:l,0,0,0,0,0,0,unresolved,fewer than 3 classified tokens,unresolved,fewer than 3 classified tokens,,,,,,,
58,stellen,no,no,no,stellen | bestellen,stellen,,,,,,0,0,0,0,0,0,unresolved,fewer than 3 classified tokens,unresolved,fewer than 3 classified tokens,,,,,,,
201,strafen,no,no,no,strafen,strafen,,,,,,0,0,0,0,0,0,unresolved,fewer than 3 classified tokens,unresolved,fewer than 3 classified tokens,,,,,,,
204,studieren,no,no,no,studieren,studieren,,,,,,0,0,0,0,0,0,unresolved,fewer than 3 classified tokens,unresolved,fewer than 3 classified tokens,,,,,,,
198,stîgen,no,yes,no,stîgen | steigen | ge-stîgen | er-stîgen | über-stîgen | stîgen/ûf>+,,CG:i UG:i,CG:ei UG:ei,CG:i UG:i,CG:c UG:c,CG:g UG:g,0,0,12,0,0,12,unresolved,fewer than 3 classified tokens,unresolved,fewer than 3 classified tokens,,,,,,,
262,stôzen,no,yes,yes,stôzen | ge-stôzen | er-stôzen | be-stôzen | ver-stôzen | stôzen/ûz<+,,CG:o UG:o,CG:ie UG:ie,CG:i UG:ie,CG:z UG:z,CG:d UG:z,0,0,0,0,0,0,unresolved,fewer than 3 classified tokens,unresolved,fewer than 3 classified tokens,,,,,,,
205,suchen,no,no,no,suchen | versuchen,suchen,,,,,,0,0,0,0,0,0,unresolved,fewer than 3 classified tokens,unresolved,fewer than 3 classified tokens,,,,,,,
185,swingen,no,no,no,swingen | schwingen | be-swingen | er-swingen | ver-swingen | swingen/ûz+,,CG:i UG:i,CG:a UG:a,CG:- UG:-,CG:nk UG:nk,CG:- UG:-,0,0,0,0,0,0,unresolved,fewer than 3 classified tokens,unresolved,fewer than 3 classified tokens,,,,,,,
181,swèifen,no,no,no,swèifen | schweifen | be-swèifen | ver-swèifen | umbe-swèifen | swèifen/ûf>.+,,UG:-,UG:ie,UG:ie,UG:f,UG:f,0,0,0,0,0,0,unresolved,fewer than 3 classified tokens,unresolved,fewer than 3 classified tokens,,,,,,,
317,swëllen,no,no,no,swëllen | ge-swëllen | zer-swëllen | ent-swëllen,,UG:i,UG:-,UG:-,UG:-,UG:-,0,0,0,0,0,0,unresolved,fewer than 3 classified tokens,unresolved,fewer than 3 classified tokens,,,,,,,
318,swër(e)n,no,no,no,swër(e)n | ge-swër(e)n | er-swër(e)n | ge-swër(e)n/ûz>+,,CG:i UG:e,CG:a UG:a,CG:- UG:a,CG:r UG:r,CG:- UG:r,0,0,0,0,0,0,unresolved,fewer than 3 classified tokens,unresolved,fewer than 3 classified tokens,,,,,,,
263,swîchen,no,yes,no,swîchen | ge-swîchen | be-swîchen,,CG:i UG:i,CG:ei UG:ei,CG:- UG:i,CG:χ UG:χ,CG:- UG:χ,0,0,0,0,0,0,unresolved,fewer than 3 classified tokens,unresolved,fewer than 3 classified tokens,,,,,,,
182,swîgen,no,yes,no,swîgen | schweigen | ge-swîgen | be-swîgen | ver-swîgen | verschweigen,,CG:i UG:i,CG:ei UG:ei,CG:- UG:i,CG:c UG:c,CG:- UG:g,0,0,0,0,0,0,unresolved,fewer than 3 classified tokens,unresolved,fewer than 3 classified tokens,,,,,,,
436,swînen,no,no,no,swînen | ver-swînen,,CG:- UG:i,CG:ei UG:-,CG:- UG:-,CG: UG:-,CG:- UG:-,0,0,0,0,0,0,unresolved,fewer than 3 classified tokens,unresolved,fewer than 3 classified tokens,,,,,,,
206,säumen,no,no,no,säumen,,,,,,,0,0,0,0,0,0,unresolved,fewer than 3 classified tokens,unresolved,fewer than 3 classified tokens,,,,,,,
22,sëhen,yes,no,no,sëhen | sehen | ansehen | ge-sëhen | aufsehen | versehen,,CG:e UG:e,CG:a UG:a,CG:a UG:a,CG:χ UG:χ,CG:h UG:h,0,0,55,0,0,55,unresolved,fewer than 3 classified tokens,unresolved,fewer than 3 classified tokens,,,,,,,
266,sîgen,no,yes,no,sîgen | be-sîgen | sîgen/ûz+ | sîgen/zuo<+ | sîgen/zuo>+ | sîgen/nider(e)>+,,CG:- UG:i,CG:ei UG:ei,CG:- UG:i,CG:c UG:c,CG:- UG:g,0,0,0,0,0,0,unresolved,fewer than 3 classified tokens,unresolved,fewer than 3 classified tokens,,,,,,,
267,sûfen,no,no,no,sûfen | be-sûfen,,CG:- UG:u,CG:ou UG:ou,CG:- UG:-,CG:f UG:f,CG:- UG:-,0,0,0,0,0,0,unresolved,fewer than 3 classified tokens,unresolved,fewer than 3 classified tokens,,,,,,,
169,sûgen,no,no,no,sûgen | saugen,,CG:- UG:u,CG:ou UG:-,CG:- UG:-,CG:c UG:-,CG:- UG:-,0,0,0,0,0,0,unresolved,fewer than 3 classified tokens,unresolved,fewer than 3 classified tokens,,,,,,,
11,tragen,yes,no,no,tragen | ertragen | antragen | zutragen | abtragen | vertragen,tragen,CG:a UG:a,CG:uo UG:uo,CG:uo UG:uo,CG:c UG:c,CG:g UG:g,0,0,2,0,0,2,unresolved,fewer than 3 classified tokens,unresolved,fewer than 3 classified tokens,,,,,,,
13,treten,yes,no,no,treten | trëten | antreten | abtreten | er-trëten | ge-trëten,treten,CG:e UG:e,CG:a UG:a,CG:a UG:a,CG:t UG:t,CG:t UG:t,0,0,2,0,0,2,unresolved,fewer than 3 classified tokens,unresolved,fewer than 3 classified tokens,,,,,,,
210,triefen,yes,no,no,triefen | trièfen | trièfen/abe>+,triefen,UG:iu,UG:ou,UG:-,UG:f,UG:-,0,0,0,0,0,0,unresolved,fewer than 3 classified tokens,unresolved,fewer than 3 classified tokens,,,,,,,
62,trëffen,yes,no,no,trëffen | treffen | betreffen | ge-trëffen | ver-trëffen | übertreffen,,CG:i UG:e,CG:a UG:a,CG:- UG:a,CG:f UG:f,CG:- UG:f,0,0,2,0,0,2,unresolved,fewer than 3 classified tokens,unresolved,fewer than 3 classified tokens,,,,,,,
12,trîben,no,yes,no,trîben | treiben | ge-trîben | abtreiben | zer-trîben | vertreiben,,CG:i UG:i,CG:ei UG:ei,CG:i UG:i,CG:p UG:p,CG:b UG:b,0,0,4,0,0,4,unresolved,fewer than 3 classified tokens,unresolved,fewer than 3 classified tokens,,,,,,,
63,trügen,no,yes,no,trügen | triègen | betrügen | be-triègen | ver-triègen | er-triègen/ane>+,trügen,CG:ie UG:ie,CG:ou UG:ou,CG:u UG:-,CG:c UG:c,CG:g UG:-,0,0,0,0,0,0,unresolved,fewer than 3 classified tokens,unresolved,fewer than 3 classified tokens,,,,,,,
14,tun,no,no,no,tun | abtun,tun,,,,,,0,0,0,0,0,0,unresolved,fewer than 3 classified tokens,unresolved,fewer than 3 classified tokens,,,,,,,
31,vallen,yes,no,no,vallen | fallen | gefallen | er-vallen | be-vallen | einfallen,,CG:a UG:a,CG:ie UG:ie,CG:ie UG:ie,CG:l UG:l,CG:l UG:l,0,0,9,0,0,9,unresolved,fewer than 3 classified tokens,unresolved,fewer than 3 classified tokens,,,,,,,
269,valten,no,no,no,valten | be-valten | er-valten,,UG:a,UG:ie,UG:ie,UG:l,UG:l,0,0,0,0,0,0,unresolved,fewer than 3 classified tokens,unresolved,fewer than 3 classified tokens,,,,,,,
435,ver-swëlhen,no,no,no,ver-swëlhen,,CG:e UG:e,CG:a UG:a,CG:- UG:-,CG:lc UG:lχ,CG:- UG:-,0,0,0,0,0,0,unresolved,fewer than 3 classified tokens,unresolved,fewer than 3 classified tokens,,,,,,,
446,ver-wâzen,no,no,no,ver-wâzen,,CG:- UG:a,CG:ie UG:-,CG:ie UG:-,CG:z UG:-,CG:z UG:-,0,0,0,0,0,0,unresolved,fewer than 3 classified tokens,unresolved,fewer than 3 classified tokens,,,,,,,
211,verdammen,no,no,no,verdammen,verdammen,,,,,,0,0,0,0,0,0,unresolved,fewer than 3 classified tokens,unresolved,fewer than 3 classified tokens,,,,,,,
212,verderben,no,no,no,verderben,verderben,,,,,,0,0,0,0,0,0,unresolved,fewer than 3 classified tokens,unresolved,fewer than 3 classified tokens,,,,,,,
213,vergessen,yes,no,no,vergessen | er-gëzzen | ver-gëzzen,vergessen,CG:e UG:e,CG:a UG:a,CG:a UG:a,CG:z UG:z,CG:z UG:z,0,0,1,0,0,1,unresolved,fewer than 3 classified tokens,unresolved,fewer than 3 classified tokens,,,,,,,
215,verraten,no,no,no,verraten,verraten,,,,,,0,0,0,0,0,0,unresolved,fewer than 3 classified tokens,unresolved,fewer than 3 classified tokens,,,,,,,
270,vlièzen,no,yes,no,vlièzen | be-vlièzen | ge-vlièzen | er-vlièzen | ver-vlièzen | ent-vlièzen,,CG:ie UG:ie,CG:o UG:o,CG:u UG:u,CG:z UG:z,CG:z UG:z,0,0,0,0,0,0,unresolved,fewer than 3 classified tokens,unresolved,fewer than 3 classified tokens,,,,,,,
104,vlëhten,no,no,no,vlëhten | flechten | ge-vlëhten,,CG:e UG:-,CG:- UG:-,CG:- UG:-,CG:- UG:-,CG:- UG:-,0,0,0,0,0,0,unresolved,fewer than 3 classified tokens,unresolved,fewer than 3 classified tokens,,,,,,,
361,vlîzen,no,yes,no,vlîzen | ge-vlîzen | ver-vlîzen,,CG:i UG:i,CG:- UG:ei,CG:- UG:i,CG:- UG:z,CG:- UG:z,0,0,0,0,0,0,unresolved,fewer than 3 classified tokens,unresolved,fewer than 3 classified tokens,,,,,,,
342,vrièsen,no,no,no,vrièsen | er-vrièsen | ge-vrièsen,,CG:iu UG:ie,CG:- UG:-,CG:- UG:-,CG:- UG:-,CG:- UG:-,0,0,0,0,0,0,unresolved,fewer than 3 classified tokens,unresolved,fewer than 3 classified tokens,,,,,,,
19,vâhen,yes,no,no,vâhen | fangen | be-vâhen | anfangen | ge-vâhen | ver-vâhen,,CG:a UG:a,CG:ie UG:ie,CG:ie UG:ie,CG:nk UG:nk,CG:ng UG:ng,0,0,3,0,0,3,unresolved,fewer than 3 classified tokens,unresolved,fewer than 3 classified tokens,,,,,,,
98,wachen,no,no,no,wachen | erwachen,,UG:e,UG:-,UG:-,UG:-,UG:-,0,0,0,0,0,0,unresolved,fewer than 3 classified tokens,unresolved,fewer than 3 classified tokens,,,,,,,
99,wahsen,yes,no,no,wahsen | wachsen | ge-wahsen | be-wahsen | er-wahsen | ver-wahsen,,CG:a UG:e,CG:uo UG:uo,CG:uo UG:uo,CG:hs UG:hs,CG:hs UG:hs,0,0,0,0,0,0,unresolved,fewer than 3 classified tokens,unresolved,fewer than 3 classified tokens,,,,,,,
445,walken,no,no,no,walken | ver-walken,,CG:a UG:-,CG:- UG:-,CG:- UG:-,CG:- UG:-,CG:- UG:-,0,0,0,0,0,0,unresolved,fewer than 3 classified tokens,unresolved,fewer than 3 classified tokens,,,,,,,
272,wallen,no,no,no,wallen | er-wallen | be-wallen | ge-wallen | wallen/ûz+ | ent-wallen,,CG:e UG:a,CG:- UG:ie,CG:- UG:-,CG:- UG:l,CG:- UG:-,0,0,0,0,0,0,unresolved,fewer than 3 classified tokens,unresolved,fewer than 3 classified tokens,,,,,,,
321,walten,no,no,no,walten | ge-walten | er-walten | ver-walten | ent-walten,,CG:a UG:a,CG:ie UG:ie,CG:- UG:ie,CG:l UG:l,CG:- UG:l,0,0,0,0,0,0,unresolved,fewer than 3 classified tokens,unresolved,fewer than 3 classified tokens,,,,,,,
217,warten,no,no,no,warten,warten,,,,,,0,0,0,0,0,0,unresolved,fewer than 3 classified tokens,unresolved,fewer than 3 classified tokens,,,,,,,
218,waschen,yes,no,no,waschen | ge-waschen | waschen/abe+ | waschen/abe>+ | waschen/abe<.+,waschen,CG:a UG:a,CG:uo UG:uo,CG:- UG:uo,CG:ʃ UG:ʃ,CG:- UG:ʃ,0,0,2,0,0,2,unresolved,fewer than 3 classified tokens,unresolved,fewer than 3 classified tokens,,,,,,,
219,waten,no,yes,no,waten | waten/ûz+ | durh-waten,waten,CG:- UG:a,CG:ue UG:uo,CG:uo UG:uo,CG:t UG:t,CG:t UG:t,0,0,2,0,0,2,unresolved,fewer than 3 classified tokens,unresolved,fewer than 3 classified tokens,,,,,,,
220,werden,no,no,no,werden,werden,,,,,,0,0,0,0,0,0,unresolved,fewer than 3 classified tokens,unresolved,fewer than 3 classified tokens,,,,,,,
273,winten,no,no,yes,winten | be-winten | er-winten | ver-winten | winten/ûf+ | umbe-winten,,CG:i UG:u,CG:u UG:u,CG:u UG:u,CG:n UG:n,CG:b UG:n,0,0,0,0,0,0,unresolved,fewer than 3 classified tokens,unresolved,fewer than 3 classified tokens,,,,,,,
222,wohnen,no,no,no,wohnen,wohnen,,,,,,0,0,0,0,0,0,unresolved,fewer than 3 classified tokens,unresolved,fewer than 3 classified tokens,,,,,,,
450,wuofen,no,no,no,wuofen,,UG:uo,UG:-,UG:-,UG:-,UG:-,0,0,0,0,0,0,unresolved,fewer than 3 classified tokens,unresolved,fewer than 3 classified tokens,,,,,,,
101,wägen,yes,no,no,wägen | wëgen | erwägen | be-wëgen | er-wëgen | ge-wëgen,wägen,CG:e UG:e,CG:a UG:a,CG:- UG:a,CG:c UG:c,CG:- UG:g,0,0,0,0,0,0,unresolved,fewer than 3 classified tokens,unresolved,fewer than 3 classified tokens,,,,,,,
367,wëben,no,no,no,wëben | ge-wëben | ver-wëben | unter-wëben,,UG:e,UG:-,UG:-,UG:-,UG:-,0,0,0,0,0,0,unresolved,fewer than 3 classified tokens,unresolved,fewer than 3 classified tokens,,,,,,,
274,wëllen,no,yes,no,wëllen | be-wëllen,,CG:e UG:i,CG:- UG:a,CG:- UG:u,CG:- UG:l,CG:- UG:l,0,0,0,0,0,0,unresolved,fewer than 3 classified tokens,unresolved,fewer than 3 classified tokens,,,,,,,
323,wërren,no,no,no,wërren | ge-wërren | ent-wërren | ver-wërren | zer-wërren | unter-wërren,,CG:e UG:e,CG:u UG:a,CG:- UG:-,CG:r UG:r,CG:- UG:-,0,0,0,0,0,0,unresolved,fewer than 3 classified tokens,unresolved,fewer than 3 classified tokens,,,,,,,
15,wîchen,no,yes,no,wîchen | weichen | â-wîchen | abweichen | ge-wîchen | ent-wîchen,,CG:i UG:i,CG:- UG:ei,CG:i UG:i,CG:- UG:χ,CG:χ UG:χ,0,1,0,0,1,0,unresolved,fewer than 3 classified tokens,unresolved,fewer than 3 classified tokens,,,,,,,
344,wîhen,no,no,no,wîhen | er-wîhen,,UG:i,UG:-,UG:-,UG:-,UG:-,0,0,0,0,0,0,unresolved,fewer than 3 classified tokens,unresolved,fewer than 3 classified tokens,,,,,,,
33,wîsen,no,no,no,wîsen | weisen | beweisen | verweisen | ausweisen | unterweisen,,UG:i,UG:-,UG:-,UG:-,UG:-,0,0,0,0,0,0,unresolved,fewer than 3 classified tokens,unresolved,fewer than 3 classified tokens,,,,,,,
221,wîzen,no,yes,no,wîzen | wissen | ge-wîzen | ver-wîzen,,CG:i UG:i,CG:ei UG:ei,CG:i UG:i,CG:z UG:z,CG:z UG:z,0,0,0,0,0,0,unresolved,fewer than 3 classified tokens,unresolved,fewer than 3 classified tokens,,,,,,,
275,zièhen,no,yes,yes,zièhen | be-zièhen | ge-zièhen | er-zièhen | ent-zièhen | zièhen/ûz+,,CG:ie UG:ie,CG:o UG:o,CG:u UG:u,CG:χ UG:χ,CG:g UG:g,0,0,0,0,0,0,unresolved,fewer than 3 classified tokens,unresolved,fewer than 3 classified tokens,,,,,,,
122,zëmen,no,no,no,zëmen | be-zëmen | geziemen | ge-zëmen | ent-zëmen | misse-zëmen,,CG:e UG:i,CG:a UG:a,CG:- UG:a,CG:m UG:m,CG:- UG:m,0,0,0,0,0,0,unresolved,fewer than 3 classified tokens,unresolved,fewer than 3 classified tokens,,,,,,,
216,zër(e)n,no,no,no,zër(e)n | verzehren,,UG:i,UG:-,UG:-,UG:-,UG:-,0,0,0,0,0,0,unresolved,fewer than 3 classified tokens,unresolved,fewer than 3 classified tokens,,,,,,,
447,èischen,no,yes,no,èischen | ver-èischen | èischen/vür(e)+,,UG:ei,UG:ei,UG:ie,UG:ʃ,UG:ʃ,0,0,0,0,0,0,unresolved,fewer than 3 classified tokens,unresolved,fewer than 3 classified tokens,,,,,,,
102,ëzzen,yes,no,no,ëzzen | essen | ge-ëzzen | ver-ëzzen | durh-ëzzen | ëzzen/abe>+,,CG:e UG:e,CG:a UG:a,CG:a UG:a,CG:z UG:z,CG:z UG:z,0,0,2,0,0,2,unresolved,fewer than 3 classified tokens,unresolved,fewer than 3 classified tokens,,,,,,,
225,üben,no,no,no,üben,üben,,,,,,0,0,0,0,0,0,unresolved,fewer than 3 classified tokens,unresolved,fewer than 3 classified tokens,,,,,,,
